<?xml version="1.0" encoding="UTF-8"?>
<kml xmlns="http://www.opengis.net/kml/2.2"><Document><name>IP Terminal — live items 2026-09-14T03:05Z</name><Style id="Conflict"><IconStyle><color>ff3a47b0</color><scale>0.9</scale><Icon><href>http://maps.google.com/mapfiles/kml/shapes/placemark_circle.png</href></Icon></IconStyle></Style><Style id="Climate"><IconStyle><color>ff6b7d2e</color><scale>0.9</scale><Icon><href>http://maps.google.com/mapfiles/kml/shapes/placemark_circle.png</href></Icon></IconStyle></Style><Style id="Nexus"><IconStyle><color>ff8a4a5b</color><scale>0.9</scale><Icon><href>http://maps.google.com/mapfiles/kml/shapes/placemark_circle.png</href></Icon></IconStyle></Style><Style id="Other"><IconStyle><color>ff9aa0a7</color><scale>0.9</scale><Icon><href>http://maps.google.com/mapfiles/kml/shapes/placemark_circle.png</href></Icon></IconStyle></Style><Placemark><name>Nepal qualify for Men Asia Cup 2027 with ACC Premier Cup title victory</name><styleUrl>#Other</styleUrl><description><![CDATA[GDSA · SPEC · Mon, 14 Sep 2026 18:00:00 GMT<br/><a href="https://www.geosuper.tv/latest/59561-nepal-qualify-for-mens-asia-cup-2027-with-acc-premier-cup-title-victory">open article</a>]]></description><Point><coordinates>84,28.2,0</coordinates></Point></Placemark>
<Placemark><name>Nepal seal Asia Cup 2027 berth after 44</name><styleUrl>#Other</styleUrl><description><![CDATA[GDSA · SPEC · Mon, 14 Sep 2026 18:00:00 GMT<br/><a href="http://www.asiabulletin.com/news/279303246/nepal-seal-asia-cup-2027-berth-after-44-run-win-over-uae">open article</a>]]></description><Point><coordinates>84,28.2,0</coordinates></Point></Placemark>
<Placemark><name>England close in on India in WTC standings after Birmingham win , Pakistan suffer more</name><styleUrl>#Other</styleUrl><description><![CDATA[GDSA · SPEC · Mon, 14 Sep 2026 15:00:00 GMT<br/><a href="https://www.prokerala.com/news/articles/a1811570.html">open article</a>]]></description><Point><coordinates>69.3,30.4,0</coordinates></Point></Placemark>
<Placemark><name>Cyber Crime : Chinese hackers are operating from Bangladesh to target India</name><styleUrl>#Other</styleUrl><description><![CDATA[GDSA · SPEC · Mon, 14 Sep 2026 15:00:00 GMT<br/><a href="https://www.sangbadpratidin.in/india/cyber-crime-chinese-hackers-are-operating-from-bangladesh-to-target-india/pid/1335722/">open article</a>]]></description><Point><coordinates>79.6,22.9,0</coordinates></Point></Placemark>
<Placemark><name>Sri Lanka betel exports slump amidst Pakistani tariffs</name><styleUrl>#Other</styleUrl><description><![CDATA[GDSA · SPEC · Mon, 14 Sep 2026 12:00:00 GMT<br/><a href="https://www.prokerala.com/news/articles/a1811504.html">open article</a>]]></description><Point><coordinates>69.3,30.4,0</coordinates></Point></Placemark>
<Placemark><name>Mandhana must avoid imitating Shafali in Asia Cup final against Sri Lanka , says Razdan</name><styleUrl>#Other</styleUrl><description><![CDATA[GDSA · SPEC · Mon, 14 Sep 2026 11:15:00 GMT<br/><a href="https://ianslive.in/mandhana-must-avoid-imitating-shafali-in-asia-cup-final-against-sri-lanka-says-razdan--20260912155217">open article</a>]]></description><Point><coordinates>80.7,7.9,0</coordinates></Point></Placemark>
<Placemark><name>India to face Sri Lanka in Women Asia Cup final</name><styleUrl>#Other</styleUrl><description><![CDATA[GDSA · SPEC · Mon, 14 Sep 2026 08:45:00 GMT<br/><a href="https://newstodaynet.com/2026/09/12/india-to-face-sri-lanka-in-womens-asia-cup-final/">open article</a>]]></description><Point><coordinates>79.6,22.9,0</coordinates></Point></Placemark>
<Placemark><name>Women Asia Cup : India , Sri Lanka face off in yet another summit clash ( preview )</name><styleUrl>#Other</styleUrl><description><![CDATA[GDSA · SPEC · Mon, 14 Sep 2026 08:15:00 GMT<br/><a href="https://www.prokerala.com/news/articles/a1811397.html">open article</a>]]></description><Point><coordinates>79.6,22.9,0</coordinates></Point></Placemark>
<Placemark><name>Women T20 Asia Cup final b / w Sri Lanka , India on Sunday</name><styleUrl>#Other</styleUrl><description><![CDATA[GDSA · SPEC · Mon, 14 Sep 2026 07:15:00 GMT<br/><a href="https://www.radio.gov.pk/12-09-2026/womens-t20-asia-cup-final-between-sri-lanka-india-on-sunday">open article</a>]]></description><Point><coordinates>79.6,22.9,0</coordinates></Point></Placemark>
<Placemark><name>Women Asia Cup 2026 : Sri Lanka overcome Sana brilliance to beat Pakistan , set up title clash with India</name><styleUrl>#Other</styleUrl><description><![CDATA[GDSA · SPEC · Mon, 14 Sep 2026 06:45:00 GMT<br/><a href="http://www.bignewsnetwork.com/news/279302361/women-asia-cup-2026-sri-lanka-overcome-sana-brilliance-to-beat-pakistan-set-up-title-clash-with-india">open article</a>]]></description><Point><coordinates>69.3,30.4,0</coordinates></Point></Placemark>
<Placemark><name>Nepal News | Nepal First Online News Portal</name><styleUrl>#Other</styleUrl><description><![CDATA[GDSA · SPEC · Mon, 14 Sep 2026 06:15:00 GMT<br/><a href="https://nepalnews.com/2026/09/12/with-asifs-century-and-gulsans-half-century-nepal-set-a-target-of-314-runs-for-uae/">open article</a>]]></description><Point><coordinates>84,28.2,0</coordinates></Point></Placemark>
<Placemark><name>Senate impeachment court allows Cabotaje-Tang to testify as expert witness</name><styleUrl>#Other</styleUrl><description><![CDATA[GMA · LOC · Mon, 14 Sep 2026 03:02:11 GMT<br/><a href="https://www.gmanetwork.com/news/topstories/nation/1002274/senate-impeachment-court-allows-cabotaje-tang-to-testify-as-expert-witness/story/">open article</a>]]></description><Point><coordinates>121.8,12.9,0</coordinates></Point></Placemark>
<Placemark><name>LIVE UPDATES: Impeachment trial of Vice President Sara Duterte</name><styleUrl>#Other</styleUrl><description><![CDATA[RAPP · LOC · Mon, 14 Sep 2026 03:00:16 GMT<br/><a href="https://www.rappler.com/philippines/vice-president-sara-duterte-impeachment-trial-updates-videos/">open article</a>]]></description><Point><coordinates>121.8,12.9,0</coordinates></Point></Placemark>
<Placemark><name>[Newspoint] Lorna Kapunan for the people</name><styleUrl>#Other</styleUrl><description><![CDATA[RAPP · LOC · Mon, 14 Sep 2026 03:00:00 GMT<br/><a href="https://www.rappler.com/voices/thought-leaders/newspoint-lorna-kapunan-sara-duterte-impeachment-trial/">open article</a>]]></description><Point><coordinates>121.8,12.9,0</coordinates></Point></Placemark>
<Placemark><name>Malaysian rock band Wings to stage Singapore concert in November</name><styleUrl>#Other</styleUrl><description><![CDATA[CNA · LOC · Mon, 14 Sep 2026 02:56:00 GMT<br/><a href="https://www.channelnewsasia.com/entertainment/wings-singapore-concert-november-2026-6382276">open article</a>]]></description><Point><coordinates>102.3,4,0</coordinates></Point></Placemark>
<Placemark><name>Peso breaches 62.8 per dollar to hit new record low</name><styleUrl>#Other</styleUrl><description><![CDATA[INQ · LOC · Mon, 14 Sep 2026 02:55:38 GMT<br/><a href="https://business.inquirer.net/610864/peso-breaches-62-8-per-dollar-to-hit-new-record-low">open article</a>]]></description><Point><coordinates>120.98,14.6,0</coordinates></Point></Placemark>
<Placemark><name>Melaka assures treated water safe after suspected human remains found at Durian Tunggal Dam reserve</name><styleUrl>#Other</styleUrl><description><![CDATA[MMAI · LOC · Mon, 14 Sep 2026 02:55:16 GMT<br/><a href="https://www.malaymail.com/news/malaysia/2026/09/14/melaka-assures-treated-water-safe-after-suspected-human-remains-found-at-durian-tunggal-dam-reserve/235123">open article</a>]]></description><Point><coordinates>102.3,4,0</coordinates></Point></Placemark>
<Placemark><name>Comelec: 98.10% of clustered precincts in BARMM open for parliamentary elections</name><styleUrl>#Other</styleUrl><description><![CDATA[GMA · LOC · Mon, 14 Sep 2026 02:55:00 GMT<br/><a href="https://www.gmanetwork.com/news/topstories/regions/1002271/comelec-98-10-of-clustered-precincts-in-barmm-open-for-parliamentary-elections/story/">open article</a>]]></description><Point><coordinates>125,7.5,0</coordinates></Point></Placemark>
<Placemark><name>Tropical depression hits central Vietnam, threatening widespread flooding and landslides</name><styleUrl>#Climate</styleUrl><description><![CDATA[VNEX · LOC · Mon, 14 Sep 2026 02:54:41 GMT · Climate/extreme<br/><a href="https://e.vnexpress.net/news/news/environment/tropical-depression-hits-central-vietnam-threatening-widespread-flooding-and-landslides-5119888.html">open article</a>]]></description><Point><coordinates>107.8,16,0</coordinates></Point></Placemark>
<Placemark><name>Voting delayed in Al-Barka, Basilan</name><styleUrl>#Other</styleUrl><description><![CDATA[INQ · LOC · Mon, 14 Sep 2026 02:54:24 GMT<br/><a href="https://www.inquirer.net/488885/voting-delayed-in-al-barka-basilan/">open article</a>]]></description><Point><coordinates>125,7.5,0</coordinates></Point></Placemark>
<Placemark><name>Marcos, Comelec to BARMM voters: Don't be afraid to cast your votes amid incidents</name><styleUrl>#Conflict</styleUrl><description><![CDATA[GMA · LOC · Mon, 14 Sep 2026 02:52:16 GMT · Conflict/insurgency<br/><a href="https://www.gmanetwork.com/news/topstories/regions/1002270/marcos-comelec-to-barmm-voters-don-t-be-afraid-to-cast-your-votes-amid-incidents/story/">open article</a>]]></description><Point><coordinates>125,7.5,0</coordinates></Point></Placemark>
<Placemark><name>Sara Duterte camp opposes Tang's testimony for being improper</name><styleUrl>#Other</styleUrl><description><![CDATA[GMA · LOC · Mon, 14 Sep 2026 02:51:15 GMT<br/><a href="https://www.gmanetwork.com/news/topstories/nation/1002269/sara-duterte-camp-opposes-tang-s-testimony-for-being-improper/story/">open article</a>]]></description><Point><coordinates>121.8,12.9,0</coordinates></Point></Placemark>
<Placemark><name>The village they called home is now a place they never want to see again</name><styleUrl>#Climate</styleUrl><description><![CDATA[OKHB · LOC · Mon, 14 Sep 2026 02:47:33 GMT · Climate/extreme<br/><a href="https://english.onlinekhabar.com/return-to-the-village-anymore.html">open article</a>]]></description><Point><coordinates>84,28.2,0</coordinates></Point></Placemark>
<Placemark><name>LIVE UPDATES: First BARMM parliamentary elections</name><styleUrl>#Other</styleUrl><description><![CDATA[RAPP · LOC · Mon, 14 Sep 2026 02:47:24 GMT<br/><a href="https://www.rappler.com/philippines/elections/barmm-updates-voting-results-tracking-polls-2026/">open article</a>]]></description><Point><coordinates>121.8,12.9,0</coordinates></Point></Placemark>
<Placemark><name>4 killed, 6-year-old injured after fresh violence breaks out in Manipur's Tamenglong</name><styleUrl>#Other</styleUrl><description><![CDATA[HT · LOC · Mon, 14 Sep 2026 02:45:34 GMT<br/><a href="https://www.hindustantimes.com/india-news/manipur-violence-tamenglong-assam-tollen-police-bullet-injury-death-black-day-kuki-naga-conflict-101789352303213.html">open article</a>]]></description><Point><coordinates>79.6,22.9,0</coordinates></Point></Placemark>
<Placemark><name>Subsidy for small vehicles amid sky-high fuel prices</name><styleUrl>#Other</styleUrl><description><![CDATA[DAWN · LOC · Mon, 14 Sep 2026 02:44:33 GMT<br/><a href="https://www.dawn.com/news/2029787/subsidy-for-small-vehicles-amid-sky-high-fuel-prices">open article</a>]]></description><Point><coordinates>73.06,33.72,0</coordinates></Point></Placemark>
<Placemark><name>Butuan water supply situation improves</name><styleUrl>#Other</styleUrl><description><![CDATA[INQ · LOC · Mon, 14 Sep 2026 02:41:55 GMT<br/><a href="https://newsinfo.inquirer.net/2304663/butuan-water-supply-situation-improves">open article</a>]]></description><Point><coordinates>121.8,12.9,0</coordinates></Point></Placemark>
<Placemark><name>Police expand Long Lellang helicopter crash investigation to refuelling site, flight chronology</name><styleUrl>#Other</styleUrl><description><![CDATA[MMAI · LOC · Mon, 14 Sep 2026 02:41:54 GMT<br/><a href="https://www.malaymail.com/news/malaysia/2026/09/14/police-expand-long-lellang-helicopter-crash-investigation-to-refuelling-site-flight-chronology/235115">open article</a>]]></description><Point><coordinates>102.3,4,0</coordinates></Point></Placemark>
<Placemark><name>Tapping foreign capital</name><styleUrl>#Other</styleUrl><description><![CDATA[DAWN · LOC · Mon, 14 Sep 2026 02:40:29 GMT<br/><a href="https://www.dawn.com/news/2029683/tapping-foreign-capital">open article</a>]]></description><Point><coordinates>69.3,30.4,0</coordinates></Point></Placemark>
<Placemark><name>Anwar: Meeting with Tamil Nadu CM Vijay still on the cards</name><styleUrl>#Other</styleUrl><description><![CDATA[MKIN · LOC · Mon, 14 Sep 2026 02:38:35 GMT<br/><a href="https://www.malaysiakini.com/news/884978-anwar-meeting-with-tamil-nadu-cm-vijay-still-on-the-cards">open article</a>]]></description><Point><coordinates>102.3,4,0</coordinates></Point></Placemark>
<Placemark><name>Kargil War veteran attacked with iron rod in Gurgaon over parking row</name><styleUrl>#Conflict</styleUrl><description><![CDATA[TOI · LOC · Mon, 14 Sep 2026 02:36:46 GMT · Conflict/posture<br/><a href="https://timesofindia.indiatimes.com/city/gurgaon/kargil-war-veteran-attacked-with-iron-rod-in-gurgaon-over-parking-row-suffers-serious-head-injuries/articleshow/134230910.cms">open article</a>]]></description><Point><coordinates>79.6,22.9,0</coordinates></Point></Placemark>
<Placemark><name>New constitutional scheme for GB on the anvil</name><styleUrl>#Other</styleUrl><description><![CDATA[DAWN · LOC · Mon, 14 Sep 2026 02:36:00 GMT<br/><a href="https://www.dawn.com/news/2029784/new-constitutional-scheme-for-gb-on-the-anvil">open article</a>]]></description><Point><coordinates>69.3,30.4,0</coordinates></Point></Placemark>
<Placemark><name>Iranian cargo vessel struck near Qeshm Island as Oman delays Tehran-Gulf talks</name><styleUrl>#Conflict</styleUrl><description><![CDATA[F24 · INT · Mon, 14 Sep 2026 02:35:36 GMT · Conflict/insurgency<br/><a href="https://www.france24.com/en/middle-east/20260914-iranian-ship-qeshm-island-tehran-hormuz">open article</a>]]></description><Point><coordinates>51.39,35.69,0</coordinates></Point></Placemark>
<Placemark><name>Oil prices jump over 2% as fresh Saudi, Strait of Hormuz strikes fuel supply fears</name><styleUrl>#Other</styleUrl><description><![CDATA[TOI · LOC · Mon, 14 Sep 2026 02:34:47 GMT<br/><a href="https://timesofindia.indiatimes.com/business/international-business/oil-prices-jump-over-2-brent-tops-107-as-fresh-saudi-strait-of-hormuz-strikes-fuel-supply-fears/articleshow/134230995.cms">open article</a>]]></description><Point><coordinates>79.6,22.9,0</coordinates></Point></Placemark>
<Placemark><name>Fire breaks out at Pulau Tenggol jetty parking area, 11 cars affected, says Dungun Fire Dept</name><styleUrl>#Other</styleUrl><description><![CDATA[MMAI · LOC · Mon, 14 Sep 2026 02:33:09 GMT<br/><a href="https://www.malaymail.com/news/malaysia/2026/09/14/fire-breaks-out-at-pulau-tenggol-jetty-parking-area-11-cars-affected-says-dungun-fire-dept/235114">open article</a>]]></description><Point><coordinates>102.3,4,0</coordinates></Point></Placemark>
<Placemark><name>Analysing the new auto policy</name><styleUrl>#Other</styleUrl><description><![CDATA[DAWN · LOC · Mon, 14 Sep 2026 02:31:01 GMT<br/><a href="https://www.dawn.com/news/2029686/analysing-the-new-auto-policy">open article</a>]]></description><Point><coordinates>69.3,30.4,0</coordinates></Point></Placemark>
<Placemark><name>LIVE: Gilas Pilipinas vs China</name><styleUrl>#Other</styleUrl><description><![CDATA[INQ · LOC · Mon, 14 Sep 2026 02:30:31 GMT<br/><a href="https://sports.inquirer.net/695158/live-gilas-pilipinas-vs-china-asian-games-2026-mens-basketball">open article</a>]]></description><Point><coordinates>110,32,0</coordinates></Point></Placemark>
<Placemark><name>3 killed, 15 wounded in gunfire ahead of historic Philippine regional election</name><styleUrl>#Other</styleUrl><description><![CDATA[SCMP · REG · Mon, 14 Sep 2026 02:26:13 GMT<br/><a href="https://www.scmp.com/news/asia/southeast-asia/article/3367379/3-killed-15-wounded-gunfire-ahead-historic-philippine-regional-election?utm_source=rss_feed">open article</a>]]></description><Point><coordinates>121.8,12.9,0</coordinates></Point></Placemark>
<Placemark><name>Deepening oil market turmoil</name><styleUrl>#Other</styleUrl><description><![CDATA[DAWN · LOC · Mon, 14 Sep 2026 02:24:48 GMT<br/><a href="https://www.dawn.com/news/2029684/deepening-oil-market-turmoil">open article</a>]]></description><Point><coordinates>69.3,30.4,0</coordinates></Point></Placemark>
<Placemark><name>CPI(M) in Keralam vows to fix lapses, regain public trust after poll debacle</name><styleUrl>#Conflict</styleUrl><description><![CDATA[HT · LOC · Mon, 14 Sep 2026 02:24:20 GMT · Conflict/insurgency<br/><a href="https://www.hindustantimes.com/india-news/cpim-in-keralam-vows-to-fix-lapses-regain-public-trust-after-poll-debacle-101789328572407.html">open article</a>]]></description><Point><coordinates>79.6,22.9,0</coordinates></Point></Placemark>
<Placemark><name>Families of missing Malaysians request detailed SAR briefings in Nepal tragedy as SMART prepares to return</name><styleUrl>#Climate</styleUrl><description><![CDATA[MMAI · LOC · Mon, 14 Sep 2026 02:23:59 GMT · Climate/extreme<br/><a href="https://www.malaymail.com/news/malaysia/2026/09/14/families-of-missing-malaysians-request-detailed-sar-briefings-in-nepal-tragedy-as-smart-prepares-to-return/235112">open article</a>]]></description><Point><coordinates>101.69,3.14,0</coordinates></Point></Placemark>
<Placemark><name>New provinces debate may take eight months, says PM’s aide</name><styleUrl>#Other</styleUrl><description><![CDATA[DAWN · LOC · Mon, 14 Sep 2026 02:23:58 GMT<br/><a href="https://www.dawn.com/news/2029786/new-provinces-debate-may-take-eight-months-says-pms-aide">open article</a>]]></description><Point><coordinates>74.35,31.55,0</coordinates></Point></Placemark>
<Placemark><name>7 arrested with 2 peacock carcass, 6 firearms: Officials</name><styleUrl>#Other</styleUrl><description><![CDATA[HT · LOC · Mon, 14 Sep 2026 02:23:30 GMT<br/><a href="https://www.hindustantimes.com/india-news/7-arrested-with-2-peacock-carcass-6-firearms-officials-101789328452555.html">open article</a>]]></description><Point><coordinates>79.6,22.9,0</coordinates></Point></Placemark>
<Placemark><name>Video: Turkish Airlines Flight "Started To Plummet" After 3 Landing Attempts In Tunisia</name><styleUrl>#Conflict</styleUrl><description><![CDATA[NDTV · LOC · Mon, 14 Sep 2026 02:22:47 GMT · Conflict/insurgency<br/><a href="https://www.ndtv.com/world-news/video-turkish-airlines-flight-started-to-plummet-after-3-landing-attempts-12042959#publisher=newsstand">open article</a>]]></description><Point><coordinates>79.6,22.9,0</coordinates></Point></Placemark>
<Placemark><name>BJP to hold state-wide march against Vande Mataram row from tomorrow</name><styleUrl>#Other</styleUrl><description><![CDATA[HT · LOC · Mon, 14 Sep 2026 02:22:30 GMT<br/><a href="https://www.hindustantimes.com/india-news/bjp-to-hold-state-wide-march-against-vande-mataram-row-from-tomorrow-101789328272527.html">open article</a>]]></description><Point><coordinates>79.6,22.9,0</coordinates></Point></Placemark>
<Placemark><name>A tale of twin cities — and how they could transform urban governance</name><styleUrl>#Other</styleUrl><description><![CDATA[HT · LOC · Mon, 14 Sep 2026 02:22:10 GMT<br/><a href="https://www.hindustantimes.com/india-news/a-tale-of-twin-cities-and-how-they-could-transform-urban-governance-101789328094401.html">open article</a>]]></description><Point><coordinates>79.6,22.9,0</coordinates></Point></Placemark>
<Placemark><name>Alden Richards emotional recalling ‘failed’ relationships, lack of self love in ‘GGV’</name><styleUrl>#Other</styleUrl><description><![CDATA[INQ · LOC · Mon, 14 Sep 2026 02:21:40 GMT<br/><a href="https://entertainment.inquirer.net/683595/alden-richards-emotional-recalling-failed-relationships-lack-of-self-love-in-ggv">open article</a>]]></description><Point><coordinates>121.8,12.9,0</coordinates></Point></Placemark>
<Placemark><name>Russia targeting EU, UK officials? Ukraine’s big claim after drone strike</name><styleUrl>#Conflict</styleUrl><description><![CDATA[TOI · LOC · Mon, 14 Sep 2026 02:21:35 GMT · Conflict/kinetic<br/><a href="https://timesofindia.indiatimes.com/world/europe/russia-targeting-eu-uk-officials-ukraines-big-claim-after-drone-strike/articleshow/134230795.cms">open article</a>]]></description><Point><coordinates>79.6,22.9,0</coordinates></Point></Placemark>
<Placemark><name>Leaders hail Brics CONNECT initiative</name><styleUrl>#Other</styleUrl><description><![CDATA[HT · LOC · Mon, 14 Sep 2026 02:21:30 GMT<br/><a href="https://www.hindustantimes.com/india-news/leaders-hail-brics-connect-initiative-101789327912729.html">open article</a>]]></description><Point><coordinates>79.6,22.9,0</coordinates></Point></Placemark>
<Placemark><name>Beijing bans drone possession after earlier moves to tighten rules</name><styleUrl>#Other</styleUrl><description><![CDATA[INQ · LOC · Mon, 14 Sep 2026 02:19:31 GMT<br/><a href="https://globalnation.inquirer.net/338015/beijing-bans-drone-possession-after-earlier-moves-to-tighten-rules">open article</a>]]></description><Point><coordinates>116.4,39.9,0</coordinates></Point></Placemark>
<Placemark><name>PDS checks: Centre flags 262,000 govt staff availing of subsidised grains</name><styleUrl>#Other</styleUrl><description><![CDATA[HT · LOC · Mon, 14 Sep 2026 02:19:20 GMT<br/><a href="https://www.hindustantimes.com/india-news/pds-checks-centre-flags-262-000-govt-staff-availing-of-subsidised-grains-101789327132259.html">open article</a>]]></description><Point><coordinates>79.6,22.9,0</coordinates></Point></Placemark>
<Placemark><name>Indian rescuers hope for miracle to save six at Nepal power project</name><styleUrl>#Nexus</styleUrl><description><![CDATA[HT · LOC · Mon, 14 Sep 2026 02:19:00 GMT · Conflict/posture · NEXUS<br/><a href="https://www.hindustantimes.com/india-news/indian-rescuers-hope-for-miracle-to-save-six-at-nepal-power-project-101789327012531.html">open article</a>]]></description><Point><coordinates>79.6,22.9,0</coordinates></Point></Placemark>
<Placemark><name>Raja regrets comments on TVK min after row</name><styleUrl>#Other</styleUrl><description><![CDATA[HT · LOC · Mon, 14 Sep 2026 02:17:00 GMT<br/><a href="https://www.hindustantimes.com/india-news/raja-regrets-comments-on-tvk-min-after-row-101789326652206.html">open article</a>]]></description><Point><coordinates>79.6,22.9,0</coordinates></Point></Placemark>
<Placemark><name>Leaders back new ‘BRICS CONNECT’ platform to map skills, prepare future-ready workforce</name><styleUrl>#Other</styleUrl><description><![CDATA[HT · LOC · Mon, 14 Sep 2026 02:16:36 GMT<br/><a href="https://www.hindustantimes.com/india-news/leaders-back-new-brics-connect-platform-to-map-skills-prepare-future-ready-workforce-101789350374081.html">open article</a>]]></description><Point><coordinates>77.21,28.61,0</coordinates></Point></Placemark>
<Placemark><name>Incubator shortages, premature births strain Gaza’s hospitals</name><styleUrl>#Other</styleUrl><description><![CDATA[FMT · LOC · Mon, 14 Sep 2026 02:16:34 GMT<br/><a href="https://www.freemalaysiatoday.com/category/world/2026/09/14/incubator-shortages-premature-births-strain-gaza-s-hospitals">open article</a>]]></description><Point><coordinates>102.3,4,0</coordinates></Point></Placemark>
<Placemark><name>Vaibhav Sooryavanshi on the bench: Why India's bold T20I vision feels incomplete</name><styleUrl>#Other</styleUrl><description><![CDATA[TOI · LOC · Mon, 14 Sep 2026 02:16:23 GMT<br/><a href="https://timesofindia.indiatimes.com/sports/cricket/india-vs-afghanistan/vaibhav-sooryavanshi-on-the-bench-why-indias-bold-t20i-vision-feels-incomplete/articleshow/134230792.cms">open article</a>]]></description><Point><coordinates>67.7,33.9,0</coordinates></Point></Placemark>
<Placemark><name>NCRPO deploys over 7,000 cops for Sept. 14-15 transport strike</name><styleUrl>#Other</styleUrl><description><![CDATA[INQ · LOC · Mon, 14 Sep 2026 02:15:11 GMT<br/><a href="https://newsinfo.inquirer.net/2304660/ncrpo-deploys-over-7000-cops-for-sept-14-15-transport-strike">open article</a>]]></description><Point><coordinates>120.98,14.6,0</coordinates></Point></Placemark>
<Placemark><name>AAP, Goa Forward Party announce ‘Goa First’ alliance for 2027 polls</name><styleUrl>#Other</styleUrl><description><![CDATA[HT · LOC · Mon, 14 Sep 2026 02:15:00 GMT<br/><a href="https://www.hindustantimes.com/india-news/aap-goa-forward-party-announce-goa-first-alliance-for-2027-polls-101789326297643.html">open article</a>]]></description><Point><coordinates>79.6,22.9,0</coordinates></Point></Placemark>
<Placemark><name>Nepal in search of climate justice on the global stage</name><styleUrl>#Climate</styleUrl><description><![CDATA[OKHB · LOC · Mon, 14 Sep 2026 02:15:00 GMT · Climate/extreme<br/><a href="https://english.onlinekhabar.com/nepal-search-climate-justice.html">open article</a>]]></description><Point><coordinates>84,28.2,0</coordinates></Point></Placemark>
<Placemark><name>Ignored study reports led to higher Rasuwa flood toll, experts say</name><styleUrl>#Climate</styleUrl><description><![CDATA[OKHB · LOC · Mon, 14 Sep 2026 02:15:00 GMT · Climate/extreme<br/><a href="https://english.onlinekhabar.com/ignored-reports-rasuwa-flood.html">open article</a>]]></description><Point><coordinates>85.32,27.71,0</coordinates></Point></Placemark>
<Placemark><name>After killing wife, 3 daughters, Jaipur man fled to temple seeking ‘divine blessings’</name><styleUrl>#Other</styleUrl><description><![CDATA[TOI · LOC · Mon, 14 Sep 2026 02:14:17 GMT<br/><a href="https://timesofindia.indiatimes.com/city/jaipur/after-killing-wife-3-daughters-jaipur-man-fled-to-temple-seeking-divine-blessings-held-after-2-days/articleshow/134230711.cms">open article</a>]]></description><Point><coordinates>79.6,22.9,0</coordinates></Point></Placemark>
<Placemark><name>After BRICS push for ‘greater role’, US economist backs India for UNSC seat: ‘No country has stronger claim’</name><styleUrl>#Other</styleUrl><description><![CDATA[HT · LOC · Mon, 14 Sep 2026 02:13:55 GMT<br/><a href="https://www.hindustantimes.com/india-news/us-economist-backs-india-for-permanent-unsc-seat-india-has-strongest-claim-should-absolutely-brics-summit-2026-101789348830676.html">open article</a>]]></description><Point><coordinates>79.6,22.9,0</coordinates></Point></Placemark>
<Placemark><name>Adoring US Open crowd not enough to lift Ben Shelton to historic title</name><styleUrl>#Other</styleUrl><description><![CDATA[INQ · LOC · Mon, 14 Sep 2026 02:13:53 GMT<br/><a href="https://sports.inquirer.net/695164/adoring-us-open-crowd-not-enough-to-lift-ben-shelton-to-historic-title">open article</a>]]></description><Point><coordinates>121.8,12.9,0</coordinates></Point></Placemark>
<Placemark><name>Billionaire David Sacks to Sam Altman and Dario Amodei's call to slowdown AI development</name><styleUrl>#Other</styleUrl><description><![CDATA[TOI · LOC · Mon, 14 Sep 2026 02:13:48 GMT<br/><a href="https://timesofindia.indiatimes.com/technology/tech-news/billionaire-david-sacks-to-sam-altman-and-dario-amodeis-call-to-slowdown-ai-development-stop-pretending-and-fooling-everyone-go-ahead-and-/articleshow/134230837.cms">open article</a>]]></description><Point><coordinates>79.6,22.9,0</coordinates></Point></Placemark>
<Placemark><name>Wisma Putra: 55 Malaysians remain uncontactable after Nepal and China disasters</name><styleUrl>#Climate</styleUrl><description><![CDATA[MMAI · LOC · Mon, 14 Sep 2026 02:13:23 GMT · Climate/extreme<br/><a href="https://www.malaymail.com/news/malaysia/2026/09/14/wisma-putra-55-malaysians-remain-uncontactable-after-nepal-and-china-disasters/235108">open article</a>]]></description><Point><coordinates>101.69,3.14,0</coordinates></Point></Placemark>
<Placemark><name>55 Malaysians still uncontactable following Nepal, China disasters</name><styleUrl>#Other</styleUrl><description><![CDATA[FMT · LOC · Mon, 14 Sep 2026 02:12:54 GMT<br/><a href="https://www.freemalaysiatoday.com/category/nation/2026/09/14/55-malaysians-still-uncontactable-following-nepal-china-disasters">open article</a>]]></description><Point><coordinates>102.3,4,0</coordinates></Point></Placemark>
<Placemark><name>Status 55 rakyat Malaysia kekal tak dapat dihubungi</name><styleUrl>#Other</styleUrl><description><![CDATA[FMT · LOC · Mon, 14 Sep 2026 02:12:00 GMT<br/><a href="https://www.freemalaysiatoday.com/category/bahasa/tempatan/2026/09/14/status-55-rakyat-malaysia-kekal-tak-dapat-dihubungi">open article</a>]]></description><Point><coordinates>84,28.2,0</coordinates></Point></Placemark>
<Placemark><name>LIVE: VP Sara Duterte Impeachment Day 24</name><styleUrl>#Other</styleUrl><description><![CDATA[INQ · LOC · Mon, 14 Sep 2026 02:11:37 GMT<br/><a href="https://cebudailynews.inquirer.net/766433/live-vp-sara-duterte-impeachment-day-24">open article</a>]]></description><Point><coordinates>121.8,12.9,0</coordinates></Point></Placemark>
<Placemark><name>'Upset' Ford hits back at US transport secretary; says: Your letter is factually wrong</name><styleUrl>#Other</styleUrl><description><![CDATA[TOI · LOC · Mon, 14 Sep 2026 02:10:19 GMT<br/><a href="https://timesofindia.indiatimes.com/technology/tech-news/upset-ford-responds-to-us-transportation-secretarys-letter-to-ceo-jim-farley-says-your-letter-is-factually-wrong-ford-is-the-most-american-automaker-we-/articleshow/134230793.cms">open article</a>]]></description><Point><coordinates>79.6,22.9,0</coordinates></Point></Placemark>
<Placemark><name>Two women die of suspected electrocution at fish rearing pond in Pantai Air Tawar in Terengganu</name><styleUrl>#Other</styleUrl><description><![CDATA[MMAI · LOC · Mon, 14 Sep 2026 02:07:16 GMT<br/><a href="https://www.malaymail.com/news/malaysia/2026/09/14/two-women-die-of-suspected-electrocution-at-fish-rearing-pond-in-pantai-air-tawar/235107">open article</a>]]></description><Point><coordinates>102.3,4,0</coordinates></Point></Placemark>
<Placemark><name>Puregold marks 28th year with bigger household push</name><styleUrl>#Other</styleUrl><description><![CDATA[INQ · LOC · Mon, 14 Sep 2026 02:06:27 GMT<br/><a href="https://business.inquirer.net/610860/puregold-marks-28th-year-with-bigger-household-push">open article</a>]]></description><Point><coordinates>120.98,14.6,0</coordinates></Point></Placemark>
<Placemark><name>C-drama star Cheng Lei gets the full Malaysian welcome — from ‘sayang, dah makan belum?’ to cat drawings</name><styleUrl>#Other</styleUrl><description><![CDATA[MMAI · LOC · Mon, 14 Sep 2026 02:06:11 GMT<br/><a href="https://www.malaymail.com/news/malaysia/2026/09/14/c-drama-star-cheng-lei-gets-the-full-malaysian-welcome-from-sayang-dah-makan-belum-to-cat-drawings/235106">open article</a>]]></description><Point><coordinates>101.69,3.14,0</coordinates></Point></Placemark>
<Placemark><name>Hilux driver dies after early‑morning seven‑vehicle collision at Kota Kinabalu traffic lights</name><styleUrl>#Other</styleUrl><description><![CDATA[MMAI · LOC · Mon, 14 Sep 2026 02:05:05 GMT<br/><a href="https://www.malaymail.com/news/malaysia/2026/09/14/hilux-driver-dies-after-earlymorning-sevenvehicle-collision-at-kota-kinabalu-traffic-lights/235104">open article</a>]]></description><Point><coordinates>102.3,4,0</coordinates></Point></Placemark>
<Placemark><name>Canada’s Carney seeks closer Europe ties to counter hostile US</name><styleUrl>#Other</styleUrl><description><![CDATA[FMT · LOC · Mon, 14 Sep 2026 02:03:04 GMT<br/><a href="https://www.freemalaysiatoday.com/category/world/2026/09/14/canada-s-carney-seeks-closer-europe-ties-to-counter-hostile-us">open article</a>]]></description><Point><coordinates>102.3,4,0</coordinates></Point></Placemark>
<Placemark><name>Indonesia rescuers searching for 129 people still missing after passenger ship capsizes</name><styleUrl>#Climate</styleUrl><description><![CDATA[RAPP · LOC · Mon, 14 Sep 2026 02:02:11 GMT · Climate/humanitarian<br/><a href="https://www.rappler.com/world/asia-pacific/indonesia-ship-sinking-deaths-missing-updates-september-14-2026/">open article</a>]]></description><Point><coordinates>114,0,0</coordinates></Point></Placemark>
<Placemark><name>Biodiversity corridor payments boost household incomes in Vietnam’s Annamite mountains</name><styleUrl>#Other</styleUrl><description><![CDATA[MONG · SPEC · Mon, 14 Sep 2026 02:00:47 GMT<br/><a href="https://news.mongabay.com/2026/09/biodiversity-corridor-payments-boost-household-incomes-in-vietnams-annamite-mountains/">open article</a>]]></description><Point><coordinates>107.8,16,0</coordinates></Point></Placemark>
<Placemark><name>‘Cannon fodder’ Asians tricked to fight for Russia spur calls for intervention</name><styleUrl>#Other</styleUrl><description><![CDATA[SCMP · REG · Mon, 14 Sep 2026 02:00:22 GMT<br/><a href="https://www.scmp.com/week-asia/politics/article/3367256/cannon-fodder-asians-tricked-fight-russia-spur-calls-intervention?utm_source=rss_feed">open article</a>]]></description><Point><coordinates>118,-2.5,0</coordinates></Point></Placemark>
<Placemark><name>Umno Kedah terancam mahu runding hanya dengan PAS, kata penganalisis</name><styleUrl>#Other</styleUrl><description><![CDATA[FMT · LOC · Mon, 14 Sep 2026 02:00:00 GMT<br/><a href="https://www.freemalaysiatoday.com/category/bahasa/tempatan/2026/09/14/umno-kedah-terancam-mahu-runding-hanya-dengan-pas-kata-penganalisis">open article</a>]]></description><Point><coordinates>102.3,4,0</coordinates></Point></Placemark>
<Placemark><name>After topping PH TV sales, TCL pushes SQD-Mini LED</name><styleUrl>#Other</styleUrl><description><![CDATA[INQ · LOC · Mon, 14 Sep 2026 02:00:00 GMT<br/><a href="https://technology.inquirer.net/149147/after-topping-ph-tv-sales-tcl-pushes-sqd-mini-led">open article</a>]]></description><Point><coordinates>121.8,12.9,0</coordinates></Point></Placemark>
<Placemark><name>Philippines’ Muslim-majority Bangsamoro region votes for first parliament</name><styleUrl>#Other</styleUrl><description><![CDATA[ALJZ · INT · Mon, 14 Sep 2026 01:59:01 GMT<br/><a href="https://www.aljazeera.com/news/2026/9/14/philippines-muslim-majority-bangsamoro-region-votes-for-first-parliament?traffic_source=rss">open article</a>]]></description><Point><coordinates>121.8,12.9,0</coordinates></Point></Placemark>
<Placemark><name>BARMM chief condemns violence before, during elections</name><styleUrl>#Other</styleUrl><description><![CDATA[INQ · LOC · Mon, 14 Sep 2026 01:58:34 GMT<br/><a href="https://www.inquirer.net/488860/barmm-chief-condemns-violence-before-during-elections/">open article</a>]]></description><Point><coordinates>121.8,12.9,0</coordinates></Point></Placemark>
<Placemark><name>Myanmar military launches ‘Operation 4926’ against Arakan Army in Rakhine State</name><styleUrl>#Conflict</styleUrl><description><![CDATA[DVB · LOC · Mon, 14 Sep 2026 01:55:23 GMT · Conflict/posture<br/><a href="https://english.dvb.no/myanmar-military-launches-operation-4926-against-arakan-army-in-rakhine-state/">open article</a>]]></description><Point><coordinates>93,20.5,0</coordinates></Point></Placemark>
<Placemark><name>EXPLAINER: Why are rotational brownouts needed in Cebu?</name><styleUrl>#Other</styleUrl><description><![CDATA[INQ · LOC · Mon, 14 Sep 2026 01:55:00 GMT<br/><a href="https://cebudailynews.inquirer.net/766424/explainer-why-are-rotational-brownouts-needed-in-cebu">open article</a>]]></description><Point><coordinates>123.9,10.32,0</coordinates></Point></Placemark>
<Placemark><name>Alexander Zverev denies home bet Ben Shelton to win US Open title</name><styleUrl>#Other</styleUrl><description><![CDATA[INQ · LOC · Mon, 14 Sep 2026 01:53:53 GMT<br/><a href="https://sports.inquirer.net/695161/alexander-zverev-beats-home-bet-ben-shelton-to-win-us-open-title">open article</a>]]></description><Point><coordinates>121.8,12.9,0</coordinates></Point></Placemark>
<Placemark><name>Gujarat to global: How idea to fix pollution has lessons for Delhi</name><styleUrl>#Other</styleUrl><description><![CDATA[TOI · LOC · Mon, 14 Sep 2026 01:52:32 GMT<br/><a href="https://timesofindia.indiatimes.com/city/delhi/gujarat-to-global-how-idea-to-fix-pollution-has-lessons-for-delhi/articleshow/134230509.cms">open article</a>]]></description><Point><coordinates>77.21,28.61,0</coordinates></Point></Placemark>
<Placemark><name>Australian man, children found dead in Bali in suspected double-murder suicide</name><styleUrl>#Other</styleUrl><description><![CDATA[SMH · REG · Mon, 14 Sep 2026 01:51:38 GMT<br/><a href="https://www.smh.com.au/national/western-australia/australian-man-children-found-dead-in-bali-in-suspected-double-murder-suicide-20260914-p60x55.html?ref=rss&utm_medium=rss&utm_source=rss_feed">open article</a>]]></description><Point><coordinates>115.19,-8.4,0</coordinates></Point></Placemark>
<Placemark><name>Marcos: Gov’t accelerating public spending to spur economic growth</name><styleUrl>#Other</styleUrl><description><![CDATA[INQ · LOC · Mon, 14 Sep 2026 01:51:26 GMT<br/><a href="https://newsinfo.inquirer.net/2304653/marcos-govt-accelerating-public-spending-to-spur-economic-growth">open article</a>]]></description><Point><coordinates>77.21,28.61,0</coordinates></Point></Placemark>
<Placemark><name>‘We spy on them too’: Trump shrugs off China-Iran satellite imagery report</name><styleUrl>#Conflict</styleUrl><description><![CDATA[TOI · LOC · Mon, 14 Sep 2026 01:50:48 GMT · Conflict/kinetic<br/><a href="https://timesofindia.indiatimes.com/world/us/we-spy-on-them-trump-shrugs-off-china-iran-satellite-imagery-report/articleshow/134230513.cms">open article</a>]]></description><Point><coordinates>110,32,0</coordinates></Point></Placemark>
<Placemark><name>Bursa opens lower, extending last week’s losses</name><styleUrl>#Other</styleUrl><description><![CDATA[FMT · LOC · Mon, 14 Sep 2026 01:48:00 GMT<br/><a href="https://www.freemalaysiatoday.com/category/business/2026/09/14/bursa-opens-lower-extending-last-week-s-losses">open article</a>]]></description><Point><coordinates>102.3,4,0</coordinates></Point></Placemark>
<Placemark><name>Marcoleta’s remarks on television shown during plunder bail hearing</name><styleUrl>#Other</styleUrl><description><![CDATA[INQ · LOC · Mon, 14 Sep 2026 01:46:04 GMT<br/><a href="https://newsinfo.inquirer.net/2304651/marcoletas-remarks-on-television-shown-during-plunder-bail-hearing">open article</a>]]></description><Point><coordinates>120.98,14.6,0</coordinates></Point></Placemark>
<Placemark><name>Dozens arrested in major anti-LGBTQ raids in Turkey</name><styleUrl>#Other</styleUrl><description><![CDATA[INQ · LOC · Mon, 14 Sep 2026 01:46:02 GMT<br/><a href="https://globalnation.inquirer.net/338009/dozens-arrested-in-major-anti-lgbtq-raids-in-turkey">open article</a>]]></description><Point><coordinates>121.8,12.9,0</coordinates></Point></Placemark>
<Placemark><name>Anwar says meeting with Tamil Nadu CM Vijay remains on the cards, either in Putrajaya or Chennai</name><styleUrl>#Other</styleUrl><description><![CDATA[MMAI · LOC · Mon, 14 Sep 2026 01:43:40 GMT<br/><a href="https://www.malaymail.com/news/malaysia/2026/09/14/anwar-says-meeting-with-tamil-nadu-cm-vijay-remains-on-the-cards-either-in-putrajaya-or-chennai/235101">open article</a>]]></description><Point><coordinates>77.21,28.61,0</coordinates></Point></Placemark>
<Placemark><name>Johor police sweep Mid Valley Southkey after email bomb scare, declare premises safe</name><styleUrl>#Other</styleUrl><description><![CDATA[MMAI · LOC · Mon, 14 Sep 2026 01:42:55 GMT<br/><a href="https://www.malaymail.com/news/malaysia/2026/09/14/johor-police-sweep-mid-valley-southkey-after-email-bomb-scare-declare-premises-safe/235097">open article</a>]]></description><Point><coordinates>103.74,1.49,0</coordinates></Point></Placemark>
<Placemark><name>US hosts G20 energy talks in Texas as Iran war disrupts global fuel markets</name><styleUrl>#Other</styleUrl><description><![CDATA[F24 · INT · Mon, 14 Sep 2026 01:42:29 GMT<br/><a href="https://www.france24.com/en/americas/20260914-us-g20-energy-talks-iran-war">open article</a>]]></description><Point><coordinates>79.6,22.9,0</coordinates></Point></Placemark>
<Placemark><name>Comelec takes control of Cotabato, Basilan town as BARMM polls begin</name><styleUrl>#Other</styleUrl><description><![CDATA[RAPP · LOC · Mon, 14 Sep 2026 01:42:11 GMT<br/><a href="https://www.rappler.com/philippines/elections/comelec-takes-control-cotabato-city-maluso-basilan-barmm-elections/">open article</a>]]></description><Point><coordinates>121.8,12.9,0</coordinates></Point></Placemark>
<Placemark><name>Manny Pacquiao to receive honorary doctorate degree from PNU</name><styleUrl>#Other</styleUrl><description><![CDATA[INQ · LOC · Mon, 14 Sep 2026 01:40:11 GMT<br/><a href="https://newsinfo.inquirer.net/2304650/manny-pacquiao-to-receive-honorary-doctorate-degree-from-pnu">open article</a>]]></description><Point><coordinates>120.98,14.6,0</coordinates></Point></Placemark>
<Placemark><name>Temu Vijay masih dalam perancangan, kata PM</name><styleUrl>#Other</styleUrl><description><![CDATA[FMT · LOC · Mon, 14 Sep 2026 01:38:59 GMT<br/><a href="https://www.freemalaysiatoday.com/category/bahasa/tempatan/2026/09/14/temu-vijay-masih-dalam-perancangan-kata-pm">open article</a>]]></description><Point><coordinates>80.27,13.08,0</coordinates></Point></Placemark>
<Placemark><name>Indonesian rescuers searching for 129 missing people after ship capsized</name><styleUrl>#Other</styleUrl><description><![CDATA[FMT · LOC · Mon, 14 Sep 2026 01:35:48 GMT<br/><a href="https://www.freemalaysiatoday.com/category/world/2026/09/14/indonesian-rescuers-searching-for-129-missing-people-after-ship-capsized">open article</a>]]></description><Point><coordinates>114,0,0</coordinates></Point></Placemark>
<Placemark><name>Anwar to meet Keralam CM and governor on bilateral cooperation</name><styleUrl>#Other</styleUrl><description><![CDATA[MMAI · LOC · Mon, 14 Sep 2026 01:35:02 GMT<br/><a href="https://www.malaymail.com/news/malaysia/2026/09/14/anwar-to-meet-keralam-cm-and-governor-on-bilateral-cooperation/235099">open article</a>]]></description><Point><coordinates>79.6,22.9,0</coordinates></Point></Placemark>
<Placemark><name>AJ Raval stars in short film set for international release</name><styleUrl>#Other</styleUrl><description><![CDATA[INQ · LOC · Mon, 14 Sep 2026 01:34:46 GMT<br/><a href="https://entertainment.inquirer.net/683597/aj-raval-stars-in-short-film-set-for-international-release">open article</a>]]></description><Point><coordinates>121.8,12.9,0</coordinates></Point></Placemark>
<Placemark><name>'Not Worth Pursuing If...': Satya Nadella Joins AI Slowdown Debate</name><styleUrl>#Other</styleUrl><description><![CDATA[NDTV · LOC · Mon, 14 Sep 2026 01:34:08 GMT<br/><a href="https://www.ndtv.com/artificial-intelligence/satya-nadella-artificial-intelligence-slowdown-debate-anthropic-musk-altman-12042912#publisher=newsstand">open article</a>]]></description><Point><coordinates>79.6,22.9,0</coordinates></Point></Placemark>
<Placemark><name>Australian man and two children found dead in Bali in suspected murder-suicide</name><styleUrl>#Other</styleUrl><description><![CDATA[ABC · REG · Mon, 14 Sep 2026 01:32:14 GMT<br/><a href="https://www.abc.net.au/news/2026-09-14/police-investigate-deaths-of-australian-man-two-children-in-bali/107150280">open article</a>]]></description><Point><coordinates>115.19,-8.4,0</coordinates></Point></Placemark>
<Placemark><name>PGH: Martin Romualdez not confined in 'presidential suite'</name><styleUrl>#Conflict</styleUrl><description><![CDATA[GMA · LOC · Mon, 14 Sep 2026 01:31:29 GMT · Conflict/insurgency<br/><a href="https://www.gmanetwork.com/news/topstories/nation/1002265/pgh-martin-romualdez-not-confined-in-presidential-suite/story/">open article</a>]]></description><Point><coordinates>121.8,12.9,0</coordinates></Point></Placemark>
<Placemark><name>‘We are the champions’: Muzumdar backs BCCI as India snub Mohsin Naqvi again</name><styleUrl>#Other</styleUrl><description><![CDATA[TOI · LOC · Mon, 14 Sep 2026 01:30:30 GMT<br/><a href="https://timesofindia.indiatimes.com/sports/cricket/womens-asia-cup/we-stand-by-it-amol-muzumdar-backs-bcci-stand-as-india-skip-womens-asia-cup-trophy-presentation-with-mohsin-naqvi/articleshow/134230274.cms">open article</a>]]></description><Point><coordinates>79.6,22.9,0</coordinates></Point></Placemark>
<Placemark><name>Zahid must face up to the reality within his party</name><styleUrl>#Other</styleUrl><description><![CDATA[FMT · LOC · Mon, 14 Sep 2026 01:30:00 GMT<br/><a href="https://www.freemalaysiatoday.com/category/opinion/2026/09/14/zahid-must-face-up-to-the-reality-within-his-party">open article</a>]]></description><Point><coordinates>102.3,4,0</coordinates></Point></Placemark>
<Placemark><name>Zahid perlu berdepan realiti dalam Umno</name><styleUrl>#Other</styleUrl><description><![CDATA[FMT · LOC · Mon, 14 Sep 2026 01:30:00 GMT<br/><a href="https://www.freemalaysiatoday.com/category/bahasa/pandangan/2026/09/14/zahid-perlu-berdepan-realiti-dalam-umno">open article</a>]]></description><Point><coordinates>102.3,4,0</coordinates></Point></Placemark>
<Placemark><name>In India, Anwar calls on Muslim scholars to master AI while safeguarding Islamic faith and moral values</name><styleUrl>#Other</styleUrl><description><![CDATA[MMAI · LOC · Mon, 14 Sep 2026 01:26:44 GMT<br/><a href="https://www.malaymail.com/news/malaysia/2026/09/14/in-india-anwar-calls-on-muslim-scholars-to-master-ai-while-safeguarding-islamic-faith-and-moral-values/235096">open article</a>]]></description><Point><coordinates>79.6,22.9,0</coordinates></Point></Placemark>
<Placemark><name>Washington’s Kennedy Center faces bankruptcy, possible closure</name><styleUrl>#Conflict</styleUrl><description><![CDATA[FMT · LOC · Mon, 14 Sep 2026 01:25:00 GMT · Conflict/insurgency<br/><a href="https://www.freemalaysiatoday.com/category/world/2026/09/14/washington-s-kennedy-center-faces-bankruptcy-possible-closure">open article</a>]]></description><Point><coordinates>102.3,4,0</coordinates></Point></Placemark>
<Placemark><name>ONERHT Hosts 10th ASEAN Summit, Enters New Phase with Strategic Growth Agenda and New Singapore Headquarters</name><styleUrl>#Other</styleUrl><description><![CDATA[ANTR · LOC · Mon, 14 Sep 2026 01:24:36 GMT<br/><a href="https://en.antaranews.com/news/431205/onerht-hosts-10th-asean-summit-enters-new-phase-with-strategic-growth-agenda-and-new-singapore-headquarters">open article</a>]]></description><Point><coordinates>103.82,1.35,0</coordinates></Point></Placemark>
<Placemark><name>Guide to monitoring the 2026 BARMM parliamentary elections results</name><styleUrl>#Other</styleUrl><description><![CDATA[RAPP · LOC · Mon, 14 Sep 2026 01:22:31 GMT<br/><a href="https://www.rappler.com/philippines/elections/guide-results-barmm-2026/">open article</a>]]></description><Point><coordinates>121.8,12.9,0</coordinates></Point></Placemark>
<Placemark><name>PM Modi flags ‘weaponisation’ of technology, critical minerals at Brics Summit 2026: 'Hinders shared progress'</name><styleUrl>#Other</styleUrl><description><![CDATA[HT · LOC · Mon, 14 Sep 2026 01:22:19 GMT<br/><a href="https://www.hindustantimes.com/india-news/pm-modi-flags-weaponisation-of-technology-critical-minerals-at-brics-summit-2026-hinders-shared-progress-101789346918228.html">open article</a>]]></description><Point><coordinates>79.6,22.9,0</coordinates></Point></Placemark>
<Placemark><name>Community Creates Mega Artwork for HKTDC 60th Anniversary</name><styleUrl>#Other</styleUrl><description><![CDATA[ANTR · LOC · Mon, 14 Sep 2026 01:22:12 GMT<br/><a href="https://en.antaranews.com/news/431201/community-creates-mega-artwork-for-hktdc-60th-anniversary">open article</a>]]></description><Point><coordinates>114.17,22.32,0</coordinates></Point></Placemark>
<Placemark><name>Comelec expects no failure of BARMM parliamentary elections</name><styleUrl>#Other</styleUrl><description><![CDATA[GMA · LOC · Mon, 14 Sep 2026 01:20:28 GMT<br/><a href="https://www.gmanetwork.com/news/topstories/regions/1002263/comelec-expects-no-failure-of-barmm-parliamentary-elections/story/">open article</a>]]></description><Point><coordinates>125,7.5,0</coordinates></Point></Placemark>
<Placemark><name>Ex‑minister Jamil Khir claims trial over RM860m Tabung Haji funds channelled into Saudi real estate</name><styleUrl>#Other</styleUrl><description><![CDATA[MMAI · LOC · Mon, 14 Sep 2026 01:18:38 GMT<br/><a href="https://www.malaymail.com/news/malaysia/2026/09/14/exminister-jamil-khir-claims-trial-over-rm860m-tabung-haji-funds-channelled-into-saudi-real-estate/235090">open article</a>]]></description><Point><coordinates>101.69,3.14,0</coordinates></Point></Placemark>
<Placemark><name>Anwar receives inaugural Sheikh Abu Bakar Foundation Excellence Award</name><styleUrl>#Other</styleUrl><description><![CDATA[MMAI · LOC · Mon, 14 Sep 2026 01:18:24 GMT<br/><a href="https://www.malaymail.com/news/malaysia/2026/09/14/anwar-receives-inaugural-sheikh-abu-bakar-foundation-excellence-award/235091">open article</a>]]></description><Point><coordinates>79.6,22.9,0</coordinates></Point></Placemark>
<Placemark><name>Pakistan to expand regional trade</name><styleUrl>#Other</styleUrl><description><![CDATA[GDSA · SPEC · Mon, 14 Sep 2026 01:15:00 GMT<br/><a href="https://tribune.com.pk/story/2628959/pakistan-to-expand-regional-trade">open article</a>]]></description><Point><coordinates>69.3,30.4,0</coordinates></Point></Placemark>
<Placemark><name>New rail route cuts China to Vietnam freight time from 15 to 7 days</name><styleUrl>#Other</styleUrl><description><![CDATA[VNEX · LOC · Mon, 14 Sep 2026 01:12:33 GMT<br/><a href="https://e.vnexpress.net/news/news/traffic/new-rail-route-cuts-china-to-vietnam-freight-time-from-15-to-7-days-5119561.html">open article</a>]]></description><Point><coordinates>107.8,16,0</coordinates></Point></Placemark>
<Placemark><name>Former minister Jamil Khir appears in KL court over Tabung Haji RCI charges</name><styleUrl>#Other</styleUrl><description><![CDATA[MMAI · LOC · Mon, 14 Sep 2026 01:12:29 GMT<br/><a href="https://www.malaymail.com/news/malaysia/2026/09/14/newsmalaysia20260914former-minister-jamil-khir-appears-in-kl-court-over-tabung-haji-rci-charges235086/235086">open article</a>]]></description><Point><coordinates>101.69,3.14,0</coordinates></Point></Placemark>
<Placemark><name>Six years after 2020 heartbreak, Zverev beats Shelton to finally win US Open</name><styleUrl>#Conflict</styleUrl><description><![CDATA[TOI · LOC · Mon, 14 Sep 2026 01:12:18 GMT · Conflict/insurgency<br/><a href="https://timesofindia.indiatimes.com/sports/tennis/top-stories/six-years-after-2020-heartbreak-alexander-zverev-beats-ben-shelton-to-finally-win-us-open/articleshow/134230104.cms">open article</a>]]></description><Point><coordinates>79.6,22.9,0</coordinates></Point></Placemark>
<Placemark><name>New apple variety grown in New Zealand makes world debut in Vietnam</name><styleUrl>#Other</styleUrl><description><![CDATA[RNZ · REG · Mon, 14 Sep 2026 01:12:04 GMT<br/><a href="https://www.rnz.co.nz/news/business/1364126/new-apple-variety-grown-in-new-zealand-makes-world-debut-in-vietnam">open article</a>]]></description><Point><coordinates>107.8,16,0</coordinates></Point></Placemark>
<Placemark><name>Trump dismisses claim Chinese entities helped Iran before deadly US attack</name><styleUrl>#Conflict</styleUrl><description><![CDATA[FMT · LOC · Mon, 14 Sep 2026 01:12:01 GMT · Conflict/posture<br/><a href="https://www.freemalaysiatoday.com/category/world/2026/09/14/trump-dismisses-claim-chinese-entities-helped-iran-before-deadly-us-attack">open article</a>]]></description><Point><coordinates>110,32,0</coordinates></Point></Placemark>
<Placemark><name>Jamil Khir didakwa lupus harta TH RM860 juta</name><styleUrl>#Other</styleUrl><description><![CDATA[FMT · LOC · Mon, 14 Sep 2026 01:07:00 GMT<br/><a href="https://www.freemalaysiatoday.com/category/bahasa/tempatan/2026/09/14/jamil-khir-mengaku-tak-salah-salah-guna-dana-th-rm860-juta">open article</a>]]></description><Point><coordinates>102.3,4,0</coordinates></Point></Placemark>
<Placemark><name>SPECIAL COVERAGE: Impeachment trial of Sara Duterte</name><styleUrl>#Other</styleUrl><description><![CDATA[RAPP · LOC · Mon, 14 Sep 2026 01:05:19 GMT<br/><a href="https://www.rappler.com/philippines/video-special-coverage-panel-discussion-impeachment-trial-sara-duterte/">open article</a>]]></description><Point><coordinates>121.8,12.9,0</coordinates></Point></Placemark>
<Placemark><name>Security tightened amid BARMM parliamentary polls</name><styleUrl>#Other</styleUrl><description><![CDATA[GMA · LOC · Mon, 14 Sep 2026 01:05:13 GMT<br/><a href="https://www.gmanetwork.com/news/topstories/regions/1002262/security-tightened-amid-barmm-parliamentary-polls/story/">open article</a>]]></description><Point><coordinates>125,7.5,0</coordinates></Point></Placemark>
<Placemark><name>Jamil Khir pleads not guilty to RM860.3m Tabung Haji misappropriation charges</name><styleUrl>#Other</styleUrl><description><![CDATA[MKIN · LOC · Mon, 14 Sep 2026 01:02:52 GMT<br/><a href="https://www.malaysiakini.com/news/884975-jamil-khir-accused-of-causing-th-to-misappropriate-rm860m-pleads-not-guilty">open article</a>]]></description><Point><coordinates>102.3,4,0</coordinates></Point></Placemark>
<Placemark><name>Ex-minister claims trial to misappropriating RM860mil of Tabung Haji funds</name><styleUrl>#Other</styleUrl><description><![CDATA[FMT · LOC · Mon, 14 Sep 2026 01:02:00 GMT<br/><a href="https://www.freemalaysiatoday.com/category/nation/2026/09/14/ex-minister-claims-trial-to-misappropriating-rm860mil-of-tabung-haji-funds">open article</a>]]></description><Point><coordinates>102.3,4,0</coordinates></Point></Placemark>
<Placemark><name>Bomb threat at JB’s Mid Valley Southkey a hoax</name><styleUrl>#Other</styleUrl><description><![CDATA[FMT · LOC · Mon, 14 Sep 2026 01:01:27 GMT<br/><a href="https://www.freemalaysiatoday.com/category/nation/2026/09/14/bomb-threat-at-jb-s-mid-valley-southkey-a-hoax">open article</a>]]></description><Point><coordinates>103.74,1.49,0</coordinates></Point></Placemark>
<Placemark><name>Trump to consider request to release more 9/11 records</name><styleUrl>#Conflict</styleUrl><description><![CDATA[FMT · LOC · Mon, 14 Sep 2026 01:00:34 GMT · Conflict/insurgency<br/><a href="https://www.freemalaysiatoday.com/category/world/2026/09/14/trump-to-consider-request-to-release-more-9-11-records">open article</a>]]></description><Point><coordinates>102.3,4,0</coordinates></Point></Placemark>
<Placemark><name>A new take on the great East Coast escape</name><styleUrl>#Conflict</styleUrl><description><![CDATA[FMT · LOC · Mon, 14 Sep 2026 01:00:00 GMT · Conflict/insurgency<br/><a href="https://www.freemalaysiatoday.com/category/leisure/2026/09/14/a-new-take-on-the-great-east-coast-escape">open article</a>]]></description><Point><coordinates>102.3,4,0</coordinates></Point></Placemark>
<Placemark><name>‘We can’t receive trophy from him’: Why India snubbed Mohsin Naqvi again</name><styleUrl>#Conflict</styleUrl><description><![CDATA[TOI · LOC · Mon, 14 Sep 2026 00:59:17 GMT · Conflict/posture<br/><a href="https://timesofindia.indiatimes.com/sports/cricket/womens-asia-cup/we-cant-receive-the-trophy-from-him-why-india-snubbed-mohsin-naqvi-again-devajit-saikia-explains/articleshow/134229998.cms">open article</a>]]></description><Point><coordinates>79.6,22.9,0</coordinates></Point></Placemark>
<Placemark><name>Anwar meets India’s Grand Mufti, discusses interfaith understanding and harmony</name><styleUrl>#Other</styleUrl><description><![CDATA[MMAI · LOC · Mon, 14 Sep 2026 00:59:14 GMT<br/><a href="https://www.malaymail.com/news/malaysia/2026/09/14/anwar-meets-indias-grand-mufti-discusses-interfaith-understanding-and-harmony/235079">open article</a>]]></description><Point><coordinates>79.6,22.9,0</coordinates></Point></Placemark>
<Placemark><name>SNAPSHOT | What is Zahid asking M'sians to vote for in snap polls, activist asks</name><styleUrl>#Other</styleUrl><description><![CDATA[MKIN · LOC · Mon, 14 Sep 2026 00:58:41 GMT<br/><a href="https://www.malaysiakini.com/news/884974-snapshot-what-is-zahid-asking-msians-to-vote-for-in-snap-polls-activist-asks">open article</a>]]></description><Point><coordinates>102.3,4,0</coordinates></Point></Placemark>
<Placemark><name>Yamal says he deserves Ballon d’Or after trophy-laden year</name><styleUrl>#Other</styleUrl><description><![CDATA[FMT · LOC · Mon, 14 Sep 2026 00:48:20 GMT<br/><a href="https://www.freemalaysiatoday.com/category/sports/2026/09/14/yamal-says-he-deserves-ballon-d-or-after-trophy-laden-year">open article</a>]]></description><Point><coordinates>45.03,12.79,0</coordinates></Point></Placemark>
<Placemark><name>75+ Happy Ganesh Chaturthi 2026 wishes, messages and quotes</name><styleUrl>#Other</styleUrl><description><![CDATA[TOI · LOC · Mon, 14 Sep 2026 00:44:39 GMT<br/><a href="https://timesofindia.indiatimes.com/etimes/trending/75-happy-ganesh-chaturthi-2026-messages-greetings-wishes-greeting-card-facebook-instagram-story-and-quotes-for-2024/articleshow/134135268.cms">open article</a>]]></description><Point><coordinates>79.6,22.9,0</coordinates></Point></Placemark>
<Placemark><name>Meeting with Tamil Nadu CM still on the cards, says Anwar</name><styleUrl>#Conflict</styleUrl><description><![CDATA[FMT · LOC · Mon, 14 Sep 2026 00:38:00 GMT · Conflict/insurgency<br/><a href="https://www.freemalaysiatoday.com/category/nation/2026/09/14/meeting-with-tamil-nadu-cm-still-on-the-cards-says-anwar">open article</a>]]></description><Point><coordinates>102.3,4,0</coordinates></Point></Placemark>
<Placemark><name>Ringgit opens higher vs US dollar ahead of FOMC meeting</name><styleUrl>#Other</styleUrl><description><![CDATA[FMT · LOC · Mon, 14 Sep 2026 00:32:00 GMT<br/><a href="https://www.freemalaysiatoday.com/category/business/2026/09/14/ringgit-opens-higher-vs-us-dollar-ahead-of-fomc-meeting">open article</a>]]></description><Point><coordinates>102.3,4,0</coordinates></Point></Placemark>
<Placemark><name>Small firms will suffer if forced to reveal salaries, say business groups</name><styleUrl>#Other</styleUrl><description><![CDATA[FMT · LOC · Mon, 14 Sep 2026 00:30:00 GMT<br/><a href="https://www.freemalaysiatoday.com/category/nation/2026/09/14/small-firms-will-suffer-if-forced-to-reveal-salaries-say-business-groups">open article</a>]]></description><Point><coordinates>102.3,4,0</coordinates></Point></Placemark>
<Placemark><name>How chronic illness can raise the risk of severe dengue</name><styleUrl>#Other</styleUrl><description><![CDATA[FMT · LOC · Mon, 14 Sep 2026 00:30:00 GMT<br/><a href="https://www.freemalaysiatoday.com/category/leisure/2026/09/14/how-chronic-illness-can-raise-the-risk-of-severe-dengue">open article</a>]]></description><Point><coordinates>102.3,4,0</coordinates></Point></Placemark>
<Placemark><name>Dedah gaji akan beri kesan kepada syarikat kecil, kata kumpulan niaga</name><styleUrl>#Other</styleUrl><description><![CDATA[FMT · LOC · Mon, 14 Sep 2026 00:30:00 GMT<br/><a href="https://www.freemalaysiatoday.com/category/bahasa/tempatan/2026/09/14/dedah-gaji-akan-beri-kesan-kepada-syarikat-kecil-kata-kumpulan-niaga">open article</a>]]></description><Point><coordinates>102.3,4,0</coordinates></Point></Placemark>
<Placemark><name>Mengenang Taib Andak membina Felda</name><styleUrl>#Other</styleUrl><description><![CDATA[FMT · LOC · Mon, 14 Sep 2026 00:29:10 GMT<br/><a href="https://www.freemalaysiatoday.com/category/bahasa/tempatan/2026/09/14/mengenang-taib-andak-membina-felda">open article</a>]]></description><Point><coordinates>102.3,4,0</coordinates></Point></Placemark>
<Placemark><name>Early violence mars election morning in BARMM regional center</name><styleUrl>#Other</styleUrl><description><![CDATA[RAPP · LOC · Mon, 14 Sep 2026 00:26:44 GMT<br/><a href="https://www.rappler.com/philippines/elections/early-morning-violence-cotabato-city-barmm-2026/">open article</a>]]></description><Point><coordinates>121.8,12.9,0</coordinates></Point></Placemark>
<Placemark><name>Chinese defence forum set to open amid roiling regional tensions</name><styleUrl>#Conflict</styleUrl><description><![CDATA[FMT · LOC · Mon, 14 Sep 2026 00:23:26 GMT · Conflict/posture<br/><a href="https://www.freemalaysiatoday.com/category/world/2026/09/14/chinese-defence-forum-set-to-open-amid-roiling-regional-tensions">open article</a>]]></description><Point><coordinates>110,32,0</coordinates></Point></Placemark>
<Placemark><name>From longhouse weaving to contemporary fashion</name><styleUrl>#Other</styleUrl><description><![CDATA[FMT · LOC · Mon, 14 Sep 2026 00:15:00 GMT<br/><a href="https://www.freemalaysiatoday.com/category/leisure/2026/09/14/from-longhouse-weaving-to-contemporary-fashion">open article</a>]]></description><Point><coordinates>110.34,1.55,0</coordinates></Point></Placemark>
<Placemark><name>A clownfish’s last stand</name><styleUrl>#Other</styleUrl><description><![CDATA[MONG · SPEC · Mon, 14 Sep 2026 00:11:51 GMT<br/><a href="https://news.mongabay.com/2026/09/a-clownfishs-last-stand/">open article</a>]]></description><Point><coordinates>103.82,1.35,0</coordinates></Point></Placemark>
<Placemark><name>Manibela starts 2-day transport strike vs oil price hikes</name><styleUrl>#Other</styleUrl><description><![CDATA[GMA · LOC · Mon, 14 Sep 2026 00:07:36 GMT<br/><a href="https://www.gmanetwork.com/news/topstories/nation/1002258/manibela-starts-2-day-transport-strike-vs-oil-price-hikes/story/">open article</a>]]></description><Point><coordinates>121.8,12.9,0</coordinates></Point></Placemark>
<Placemark><name>‘Fed up’: Thousands march against Sinaloa Cartel violence</name><styleUrl>#Conflict</styleUrl><description><![CDATA[FMT · LOC · Mon, 14 Sep 2026 00:04:45 GMT · Conflict/kinetic<br/><a href="https://www.freemalaysiatoday.com/category/world/2026/09/14/fed-up-thousands-march-against-sinaloa-cartel-violence">open article</a>]]></description><Point><coordinates>102.3,4,0</coordinates></Point></Placemark>
<Placemark><name>Man up, break down: unpacking the Philippines’ male suicide crisis</name><styleUrl>#Other</styleUrl><description><![CDATA[SCMP · REG · Mon, 14 Sep 2026 00:00:08 GMT<br/><a href="https://www.scmp.com/week-asia/health-environment/article/3367229/man-break-down-unpacking-philippines-male-suicide-crisis?utm_source=rss_feed">open article</a>]]></description><Point><coordinates>121.8,12.9,0</coordinates></Point></Placemark>
<Placemark><name>Empat kongres berlalu, politik Malaysia masih cari arah</name><styleUrl>#Other</styleUrl><description><![CDATA[FMT · LOC · Mon, 14 Sep 2026 00:00:00 GMT<br/><a href="https://www.freemalaysiatoday.com/category/bahasa/pandangan/2026/09/14/empat-kongres-berlalu-politik-malaysia-masih-cari-arah">open article</a>]]></description><Point><coordinates>102.3,4,0</coordinates></Point></Placemark>
<Placemark><name>The political financing bill: what’s taking so long?</name><styleUrl>#Other</styleUrl><description><![CDATA[FMT · LOC · Mon, 14 Sep 2026 00:00:00 GMT<br/><a href="https://www.freemalaysiatoday.com/category/opinion/2026/09/14/the-political-financing-bill-what-s-taking-so-long">open article</a>]]></description><Point><coordinates>102.3,4,0</coordinates></Point></Placemark>
<Placemark><name>[OPINION] China education and its tradeoffs — from someone who actually studied there</name><styleUrl>#Conflict</styleUrl><description><![CDATA[RAPP · LOC · Mon, 14 Sep 2026 00:00:00 GMT · Conflict/insurgency<br/><a href="https://www.rappler.com/voices/thought-leaders/china-education-influence-tradeoffs-personal-experience/">open article</a>]]></description><Point><coordinates>121.8,12.9,0</coordinates></Point></Placemark>
<Placemark><name>Taiwan rout Philippines for bronze in U18</name><styleUrl>#Other</styleUrl><description><![CDATA[TPEI · REG · Mon, 14 Sep 2026 00:00:00 GMT<br/><a href="https://www.taipeitimes.com/News/sport/archives/2026/09/14/2003864225">open article</a>]]></description><Point><coordinates>121.8,12.9,0</coordinates></Point></Placemark>
<Placemark><name>Philippine ferry fire death toll climbs to 76</name><styleUrl>#Conflict</styleUrl><description><![CDATA[TPEI · REG · Mon, 14 Sep 2026 00:00:00 GMT · Conflict/kinetic<br/><a href="https://www.taipeitimes.com/News/world/archives/2026/09/14/2003864246">open article</a>]]></description><Point><coordinates>121.8,12.9,0</coordinates></Point></Placemark>
<Placemark><name>Jharkhand LoP accuses Soren-led govt. of protecting influential people amid CID probe into job exam ‘irregularities’</name><styleUrl>#Other</styleUrl><description><![CDATA[HIND · LOC · Sun, 13 Sep 2026 23:47:17 GMT<br/><a href="https://www.thehindu.com/news/national/jharkhand/jharkhand-lop-accuses-soren-led-govt-of-protecting-influential-people-amid-cid-probe-into-job-exam-irregularities/article71463699.ece">open article</a>]]></description><Point><coordinates>79.6,22.9,0</coordinates></Point></Placemark>
<Placemark><name>Article II starts: Unexplained wealth charge, P6.77-B record at Duterte trial</name><styleUrl>#Other</styleUrl><description><![CDATA[PSTA · LOC · Sun, 13 Sep 2026 23:47:00 GMT<br/><a href="https://www.philstar.com/headlines/2026/09/14/2556192/article-ii-starts-unexplained-wealth-charge-p677-b-record-duterte-trial">open article</a>]]></description><Point><coordinates>121.8,12.9,0</coordinates></Point></Placemark>
<Placemark><name>IPO set to unlock value in group coompanies holding Tata Sons stake</name><styleUrl>#Other</styleUrl><description><![CDATA[TOI · LOC · Sun, 13 Sep 2026 23:34:10 GMT<br/><a href="https://timesofindia.indiatimes.com/business/india-business/ipo-set-to-unlock-value-in-group-cos-holding-tata-sons-stake/articleshow/134229591.cms">open article</a>]]></description><Point><coordinates>79.6,22.9,0</coordinates></Point></Placemark>
<Placemark><name>Mumbai on ‘orange’ alert as IMD warns of heavy rain in parts of Maharashtra</name><styleUrl>#Other</styleUrl><description><![CDATA[HIND · LOC · Sun, 13 Sep 2026 23:27:17 GMT<br/><a href="https://www.thehindu.com/news/cities/mumbai/mumbai-on-orange-alert-with-moderate-rain-likely-on-sept-14/article71464389.ece">open article</a>]]></description><Point><coordinates>72.88,19.08,0</coordinates></Point></Placemark>
<Placemark><name>Around 800 teachers withdraw from BARMM poll duties</name><styleUrl>#Other</styleUrl><description><![CDATA[PSTA · LOC · Sun, 13 Sep 2026 23:17:00 GMT<br/><a href="https://www.philstar.com/nation/2026/09/14/2556190/around-800-teachers-withdraw-barmm-poll-duties">open article</a>]]></description><Point><coordinates>121.8,12.9,0</coordinates></Point></Placemark>
<Placemark><name>Malaysia’s AI Nation plan by 2030 — how the government is preparing its people</name><styleUrl>#Other</styleUrl><description><![CDATA[MMAI · LOC · Sun, 13 Sep 2026 23:00:00 GMT<br/><a href="https://www.malaymail.com/news/malaysia/2026/12/14/malaysias-ai-nation-plan-by-2030-how-the-government-is-preparing-its-people/234593">open article</a>]]></description><Point><coordinates>101.69,3.14,0</coordinates></Point></Placemark>
<Placemark><name>Divine Adili’s parents visit PH, to watch Ateneo games in UAAP</name><styleUrl>#Other</styleUrl><description><![CDATA[RAPP · LOC · Sun, 13 Sep 2026 23:00:00 GMT<br/><a href="https://www.rappler.com/sports/uaap/divine-adili-parents-visit-philippines-watch-ateneo-games/">open article</a>]]></description><Point><coordinates>125.57,-8.56,0</coordinates></Point></Placemark>
<Placemark><name>War and Love: Stories of Love in Times of Conflict – Episode 2 [AUDIO]</name><styleUrl>#Conflict</styleUrl><description><![CDATA[DVB · LOC · Sun, 13 Sep 2026 22:56:19 GMT · Conflict/posture<br/><a href="https://english.dvb.no/war-and-love-stories-of-love-in-times-of-conflict-episode-2-audio/">open article</a>]]></description><Point><coordinates>96.1,21,0</coordinates></Point></Placemark>
<Placemark><name>High ranges of Kottayam mobilise against Centre’s proposed ESA tag</name><styleUrl>#Other</styleUrl><description><![CDATA[HIND · LOC · Sun, 13 Sep 2026 22:55:08 GMT<br/><a href="https://www.thehindu.com/news/national/kerala/high-ranges-of-kottayam-mobilise-against-proposed-esa-tag/article71463292.ece">open article</a>]]></description><Point><coordinates>79.6,22.9,0</coordinates></Point></Placemark>
<Placemark><name>BJP-led govts in 21 states to bring UCC before 2029: Shah</name><styleUrl>#Other</styleUrl><description><![CDATA[TOI · LOC · Sun, 13 Sep 2026 22:50:26 GMT<br/><a href="https://timesofindia.indiatimes.com/india/bjp-led-govts-in-21-states-to-bring-ucc-before-2029-shah/articleshow/134229519.cms">open article</a>]]></description><Point><coordinates>79.6,22.9,0</coordinates></Point></Placemark>
<Placemark><name>Man killed by falling boulders near Cheerbasa Helipad as Kedarnath Yatra suspended temporarily</name><styleUrl>#Other</styleUrl><description><![CDATA[HIND · LOC · Sun, 13 Sep 2026 22:49:34 GMT<br/><a href="https://www.thehindu.com/news/national/uttarakhand/kedarnath-yatra-suspended-temporarily-man-killed/article71464684.ece">open article</a>]]></description><Point><coordinates>79.6,22.9,0</coordinates></Point></Placemark>
<Placemark><name>Myanmar regime revokes status of UN Ambassador Kyaw Moe Tun, citing illegal activities</name><styleUrl>#Other</styleUrl><description><![CDATA[DVB · LOC · Sun, 13 Sep 2026 22:46:24 GMT<br/><a href="https://english.dvb.no/myanmar-regime-revokes-status-of-un-ambassador-kyaw-moe-tun-citing-illegal-activities/">open article</a>]]></description><Point><coordinates>96.08,19.76,0</coordinates></Point></Placemark>
<Placemark><name>NED 2026 Democracy Award honors Myanmar’s Spring Revolution; ‘RAY: The Movie’ portrays the movement</name><styleUrl>#Other</styleUrl><description><![CDATA[DVB · LOC · Sun, 13 Sep 2026 22:44:50 GMT<br/><a href="https://english.dvb.no/ned-2026-democracy-award-honors-myanmars-spring-revolution-ray-the-movie-portrays-the-movement/">open article</a>]]></description><Point><coordinates>96.1,21,0</coordinates></Point></Placemark>
<Placemark><name>Cotabato City, Maluso in Basilan under Comelec control over violence, pre-shaded ballots</name><styleUrl>#Other</styleUrl><description><![CDATA[GMA · LOC · Sun, 13 Sep 2026 22:44:32 GMT<br/><a href="https://www.gmanetwork.com/news/topstories/regions/1002257/two-areas-declared-under-comelec-control-over-violent-incidents-pre-shaded-ballots/story/">open article</a>]]></description><Point><coordinates>121.8,12.9,0</coordinates></Point></Placemark>
<Placemark><name>LIVE UPDATES: Sara Duterte Impeachment Trial (September 14, 2026)</name><styleUrl>#Other</styleUrl><description><![CDATA[GMA · LOC · Sun, 13 Sep 2026 22:40:17 GMT<br/><a href="https://www.gmanetwork.com/news/topstories/nation/1002256/live-updates-sara-duterte-impeachment-trial-september-14-2026/story/">open article</a>]]></description><Point><coordinates>121.8,12.9,0</coordinates></Point></Placemark>
<Placemark><name>Wellness push merges tradition and technology</name><styleUrl>#Other</styleUrl><description><![CDATA[BKKP · LOC · Sun, 13 Sep 2026 22:33:00 GMT<br/><a href="https://www.bangkokpost.com/business/general/3319248/wellness-push-merges-tradition-and-technology">open article</a>]]></description><Point><coordinates>101,15,0</coordinates></Point></Placemark>
<Placemark><name>LIVE UPDATES: BARMM parliamentary polls 2026</name><styleUrl>#Other</styleUrl><description><![CDATA[GMA · LOC · Sun, 13 Sep 2026 22:30:09 GMT<br/><a href="https://www.gmanetwork.com/news/topstories/regions/1002255/live-updates-barmm-parliamentary-polls-2026/story/">open article</a>]]></description><Point><coordinates>121.8,12.9,0</coordinates></Point></Placemark>
<Placemark><name>Murder accused's 'victory march': SC asks Haryana police to produce him in court</name><styleUrl>#Other</styleUrl><description><![CDATA[TOI · LOC · Sun, 13 Sep 2026 22:21:53 GMT<br/><a href="https://timesofindia.indiatimes.com/india/murder-accused-takes-out-victory-march-after-bail-sc-tells-haryana-cops-to-produce-him-in-court/articleshow/134229198.cms">open article</a>]]></description><Point><coordinates>79.6,22.9,0</coordinates></Point></Placemark>
<Placemark><name>Pressure is mounting</name><styleUrl>#Other</styleUrl><description><![CDATA[BKKP · LOC · Sun, 13 Sep 2026 22:19:00 GMT<br/><a href="https://www.bangkokpost.com/business/general/3319278/pressure-is-mounting">open article</a>]]></description><Point><coordinates>101,15,0</coordinates></Point></Placemark>
<Placemark><name>Drive bolstered to make online traders pay tax</name><styleUrl>#Other</styleUrl><description><![CDATA[BKKP · LOC · Sun, 13 Sep 2026 22:13:00 GMT<br/><a href="https://www.bangkokpost.com/business/general/3319178/drive-bolstered-to-make-online-traders-pay-tax">open article</a>]]></description><Point><coordinates>101,15,0</coordinates></Point></Placemark>
<Placemark><name>Sara Duterte impeachment trial Day 24: What to expect</name><styleUrl>#Other</styleUrl><description><![CDATA[GMA · LOC · Sun, 13 Sep 2026 22:11:29 GMT<br/><a href="https://www.gmanetwork.com/news/topstories/nation/1002242/sara-duterte-impeachment-trial-day-24-what-to-expect/story/">open article</a>]]></description><Point><coordinates>121.8,12.9,0</coordinates></Point></Placemark>
<Placemark><name>Historic first BARMM parliamentary polls kick off; over 5,000 precincts open</name><styleUrl>#Other</styleUrl><description><![CDATA[GMA · LOC · Sun, 13 Sep 2026 22:00:24 GMT<br/><a href="https://www.gmanetwork.com/news/topstories/nation/1002244/historic-first-barmm-parliamentary-polls-kick-off-over-5-000-precincts-open/story/">open article</a>]]></description><Point><coordinates>125,7.5,0</coordinates></Point></Placemark>
<Placemark><name>PM instructs Ekniti to extend relief</name><styleUrl>#Other</styleUrl><description><![CDATA[BKKP · LOC · Sun, 13 Sep 2026 22:00:00 GMT<br/><a href="https://www.bangkokpost.com/thailand/general/3318968/pm-instructs-ekniti-to-extend-relief">open article</a>]]></description><Point><coordinates>101,15,0</coordinates></Point></Placemark>
<Placemark><name>Police probe interior design firm Axion Design after complaints over stalled renovations, missing furniture</name><styleUrl>#Other</styleUrl><description><![CDATA[CNA · LOC · Sun, 13 Sep 2026 22:00:00 GMT<br/><a href="https://www.channelnewsasia.com/singapore/axion-design-renovation-interior-refund-police-6378646">open article</a>]]></description><Point><coordinates>103.82,1.35,0</coordinates></Point></Placemark>
<Placemark><name>Commentary: Ministers can be paid more, but link their salary to performance</name><styleUrl>#Other</styleUrl><description><![CDATA[CNA · LOC · Sun, 13 Sep 2026 22:00:00 GMT<br/><a href="https://www.channelnewsasia.com/commentary/singapore-ministers-salary-increase-link-performance-6380591">open article</a>]]></description><Point><coordinates>103.82,1.35,0</coordinates></Point></Placemark>
<Placemark><name>Tehran and Muscat delay talks, citing regional consensus need</name><styleUrl>#Other</styleUrl><description><![CDATA[ALJZ · INT · Sun, 13 Sep 2026 21:50:50 GMT<br/><a href="https://www.aljazeera.com/news/2026/9/13/tehran-and-muscat-delay-talks-citing-regional-consensus-need?traffic_source=rss">open article</a>]]></description><Point><coordinates>51.39,35.69,0</coordinates></Point></Placemark>
<Placemark><name>Tensions rise over Israeli expats</name><styleUrl>#Other</styleUrl><description><![CDATA[BKKP · LOC · Sun, 13 Sep 2026 21:49:00 GMT<br/><a href="https://www.bangkokpost.com/thailand/special-reports/3319138/tensions-rise-over-israeli-expats">open article</a>]]></description><Point><coordinates>101,15,0</coordinates></Point></Placemark>
<Placemark><name>Sweden opposition holds one-seat advantage over ruling bloc, projection shows</name><styleUrl>#Other</styleUrl><description><![CDATA[TOI · LOC · Sun, 13 Sep 2026 21:48:28 GMT<br/><a href="https://timesofindia.indiatimes.com/world/europe/sweden-opposition-holds-one-seat-advantage-over-ruling-bloc-projection-shows-as-vote-counting-continues/articleshow/134226934.cms">open article</a>]]></description><Point><coordinates>79.6,22.9,0</coordinates></Point></Placemark>
<Placemark><name>EC poised to show its cards</name><styleUrl>#Other</styleUrl><description><![CDATA[BKKP · LOC · Sun, 13 Sep 2026 21:43:00 GMT<br/><a href="https://www.bangkokpost.com/thailand/politics/3319133/ec-poised-to-show-its-cards">open article</a>]]></description><Point><coordinates>101,15,0</coordinates></Point></Placemark>
<Placemark><name>Maratha quota protest: Jarange alleges conspiracy to kill him during Mumbai march even as Azad Maidan permission denied</name><styleUrl>#Conflict</styleUrl><description><![CDATA[HIND · LOC · Sun, 13 Sep 2026 21:16:54 GMT · Conflict/insurgency<br/><a href="https://www.thehindu.com/news/national/maharashtra/maratha-reservation-protest-conspiracy-to-kill-me-during-mumbai-march-alleges-jarange/article71463158.ece">open article</a>]]></description><Point><coordinates>72.88,19.08,0</coordinates></Point></Placemark>
<Placemark><name>Winners India refuse to collect Women’s Asia Cup trophy from ACC chief Mohsin Naqvi</name><styleUrl>#Other</styleUrl><description><![CDATA[DAWN · LOC · Sun, 13 Sep 2026 21:14:44 GMT<br/><a href="https://www.dawn.com/news/2029664/winners-india-refuse-to-collect-womens-asia-cup-trophy-from-acc-chief-mohsin-naqvi">open article</a>]]></description><Point><coordinates>79.6,22.9,0</coordinates></Point></Placemark>
<Placemark><name>Kremlin says PM Modi and Xi offered Putin help to settle Ukraine war</name><styleUrl>#Other</styleUrl><description><![CDATA[TOI · LOC · Sun, 13 Sep 2026 21:10:59 GMT<br/><a href="https://timesofindia.indiatimes.com/india/kremlin-says-modi-and-xi-offered-putin-help-to-settle-ukraine-war/articleshow/134225869.cms">open article</a>]]></description><Point><coordinates>79.6,22.9,0</coordinates></Point></Placemark>
<Placemark><name>Centre treating Bihar as stepchild: Tejashwi Yadav on flood-related issues</name><styleUrl>#Climate</styleUrl><description><![CDATA[HIND · LOC · Sun, 13 Sep 2026 21:03:34 GMT · Climate/extreme<br/><a href="https://www.thehindu.com/news/national/bihar/centre-treating-bihar-as-stepchild-tejashwi-yadav-on-flood-related-issues/article71463495.ece">open article</a>]]></description><Point><coordinates>79.6,22.9,0</coordinates></Point></Placemark>
<Placemark><name>Arshad Nadeem finishes 5th at World Athletics Ultimate Championship; Sri Lanka's Pathirage steals the show</name><styleUrl>#Other</styleUrl><description><![CDATA[DAWN · LOC · Sun, 13 Sep 2026 20:59:43 GMT<br/><a href="https://www.dawn.com/news/2029692/arshad-nadeem-finishes-5th-at-world-athletics-ultimate-championship-sri-lankas-pathirage-steals-the-show">open article</a>]]></description><Point><coordinates>80.7,7.9,0</coordinates></Point></Placemark>
<Placemark><name>Xi's 5-point action plan for Brics may see red flags go up in India</name><styleUrl>#Other</styleUrl><description><![CDATA[TOI · LOC · Sun, 13 Sep 2026 20:50:37 GMT<br/><a href="https://timesofindia.indiatimes.com/india/xis-5-point-action-plan-for-brics-may-see-red-flags-go-up-in-india/articleshow/134225006.cms">open article</a>]]></description><Point><coordinates>115.19,-8.4,0</coordinates></Point></Placemark>
<Placemark><name>Punjab govt bans gatherings until Sept 17 citing threats of 'possible terrorist activities'</name><styleUrl>#Conflict</styleUrl><description><![CDATA[DAWN · LOC · Sun, 13 Sep 2026 20:45:43 GMT · Conflict/insurgency<br/><a href="https://www.dawn.com/news/2029659/punjab-govt-bans-gatherings-until-sept-17-citing-threats-of-possible-terrorist-activities">open article</a>]]></description><Point><coordinates>69.3,30.4,0</coordinates></Point></Placemark>
<Placemark><name>For Ganeshotsav, Mumbai Police deploy over 16,800 personnel</name><styleUrl>#Other</styleUrl><description><![CDATA[HIND · LOC · Sun, 13 Sep 2026 20:42:30 GMT<br/><a href="https://www.thehindu.com/news/cities/mumbai/for-ganeshotsav-mumbai-police-deploy-over-16800-personnel/article71464416.ece">open article</a>]]></description><Point><coordinates>72.88,19.08,0</coordinates></Point></Placemark>
<Placemark><name>India win Women’s Asia Cup but do not accept trophy</name><styleUrl>#Other</styleUrl><description><![CDATA[ALJZ · INT · Sun, 13 Sep 2026 20:41:12 GMT<br/><a href="https://www.aljazeera.com/sports/2026/9/13/india-win-womens-asia-cup-but-do-not-accept-trophy?traffic_source=rss">open article</a>]]></description><Point><coordinates>69.3,30.4,0</coordinates></Point></Placemark>
<Placemark><name>New Zealand gets its first Indian Film Festival: Three must see films</name><styleUrl>#Other</styleUrl><description><![CDATA[RNZ · REG · Sun, 13 Sep 2026 20:37:02 GMT<br/><a href="https://www.rnz.co.nz/life/screens/movies/new-zealand-gets-its-first-indian-film-festival-three-must-see-films">open article</a>]]></description><Point><coordinates>79.6,22.9,0</coordinates></Point></Placemark>
<Placemark><name>Civil works of Vattiyurkavu junction development project in Keralam to take off on September 14</name><styleUrl>#Other</styleUrl><description><![CDATA[HIND · LOC · Sun, 13 Sep 2026 20:30:09 GMT<br/><a href="https://www.thehindu.com/news/national/kerala/civil-works-of-vattiyurkavu-junction-development-project-in-keralam-to-take-off-on-september-14/article71464103.ece">open article</a>]]></description><Point><coordinates>79.6,22.9,0</coordinates></Point></Placemark>
<Placemark><name>Oil infra hit by Ukraine, Russia gets 70% of its fuel from India</name><styleUrl>#Conflict</styleUrl><description><![CDATA[TOI · LOC · Sun, 13 Sep 2026 20:24:06 GMT · Conflict/insurgency<br/><a href="https://timesofindia.indiatimes.com/business/international-business/oil-infra-hit-by-ukraine-russia-gets-70-of-its-fuel-from-india/articleshow/134223885.cms">open article</a>]]></description><Point><coordinates>79.6,22.9,0</coordinates></Point></Placemark>
<Placemark><name>BRICS Summit 2026 updates: India, China stress need for peace and tranquility in border areas</name><styleUrl>#Other</styleUrl><description><![CDATA[HIND · LOC · Sun, 13 Sep 2026 19:58:32 GMT<br/><a href="https://www.thehindu.com/news/national/brics-summit-india-world-leaders-in-new-delhi-key-agenda-live-updates-september-12-2026/article71459005.ece">open article</a>]]></description><Point><coordinates>79.6,22.9,0</coordinates></Point></Placemark>
<Placemark><name>3 dead, 15 wounded in BARMM election eve clash over school queue in Cotabato City</name><styleUrl>#Conflict</styleUrl><description><![CDATA[GMA · LOC · Sun, 13 Sep 2026 19:57:00 GMT · Conflict/insurgency<br/><a href="https://www.gmanetwork.com/news/topstories/regions/1002253/3-dead-six-wounded-in-barmm-election-eve-clash-over-school-queue-in-cotabato-city/story/">open article</a>]]></description><Point><coordinates>125,7.5,0</coordinates></Point></Placemark>
<Placemark><name>India makes Women’s Asia Cup final controversial after trophy snub</name><styleUrl>#Other</styleUrl><description><![CDATA[ARY · LOC · Sun, 13 Sep 2026 19:48:19 GMT<br/><a href="https://arynews.tv/india-turn-womens-asia-cup-final-into-controversy-after-trophy-snub">open article</a>]]></description><Point><coordinates>79.6,22.9,0</coordinates></Point></Placemark>
<Placemark><name>Iran says Strait of Hormuz meeting postponed at request of regional states</name><styleUrl>#Other</styleUrl><description><![CDATA[IRNA · REG · Sun, 13 Sep 2026 19:47:01 GMT<br/><a href="https://en.irna.ir/news/86263200/Iran-says-Strait-of-Hormuz-meeting-postponed-at-request-of-regional">open article</a>]]></description><Point><coordinates>51.39,35.69,0</coordinates></Point></Placemark>
<Placemark><name>Digital vaccination card rollout faces opposition from Jinnah Airport administration</name><styleUrl>#Other</styleUrl><description><![CDATA[ARY · LOC · Sun, 13 Sep 2026 19:45:57 GMT<br/><a href="https://arynews.tv/digital-vaccination-card-rollout-faces-opposition-from-jinnah-airport-administration">open article</a>]]></description><Point><coordinates>69.3,30.4,0</coordinates></Point></Placemark>
<Placemark><name>Asia Cup: Indian women's cricket team refuses to accept trophy from ACC head Mohsin Naqvi</name><styleUrl>#Other</styleUrl><description><![CDATA[HIND · LOC · Sun, 13 Sep 2026 19:43:57 GMT<br/><a href="https://www.thehindu.com/sport/cricket/asia-cup-indian-womens-cricket-team-refuses-to-accept-trophy-from-acc-head-mohsin-naqvi/article71464494.ece">open article</a>]]></description><Point><coordinates>79.6,22.9,0</coordinates></Point></Placemark>
<Placemark><name>Oman sends travel advisory to students and citizens traveling to India</name><styleUrl>#Other</styleUrl><description><![CDATA[ARY · LOC · Sun, 13 Sep 2026 19:43:14 GMT<br/><a href="https://arynews.tv/oman-sends-travel-advisory-to-students-and-citizens-traveling-to-india">open article</a>]]></description><Point><coordinates>79.6,22.9,0</coordinates></Point></Placemark>
<Placemark><name>Oman says regional meeting on Strait of Hormuz postponed</name><styleUrl>#Other</styleUrl><description><![CDATA[IRNA · REG · Sun, 13 Sep 2026 19:39:37 GMT<br/><a href="https://en.irna.ir/news/86263196/Oman-postpones-regional-meeting-on-Strait-of-Hormuz">open article</a>]]></description><Point><coordinates>51.39,35.69,0</coordinates></Point></Placemark>
<Placemark><name>Trump tells Ukraine’s Zelenskiy to stop hitting Russian diesel</name><styleUrl>#Other</styleUrl><description><![CDATA[ARY · LOC · Sun, 13 Sep 2026 19:37:56 GMT<br/><a href="https://arynews.tv/trump-tells-ukraines-zelenskiy-to-stop-hitting-russian-diesel">open article</a>]]></description><Point><coordinates>69.3,30.4,0</coordinates></Point></Placemark>
<Placemark><name>Acemagic launches Kron K5 mini PC powered by Intel Wildcat Lake chip</name><styleUrl>#Other</styleUrl><description><![CDATA[ARY · LOC · Sun, 13 Sep 2026 19:35:44 GMT<br/><a href="https://arynews.tv/acemagic-launches-kron-k5-mini-pc-powered-by-intel-wildcat-lake-chip">open article</a>]]></description><Point><coordinates>69.3,30.4,0</coordinates></Point></Placemark>
<Placemark><name>Saudi Arabia permits taxis to transport passengers directly to Bahrain under new regulations</name><styleUrl>#Other</styleUrl><description><![CDATA[ARY · LOC · Sun, 13 Sep 2026 19:33:27 GMT<br/><a href="https://arynews.tv/saudi-arabia-permits-taxis-to-transport-passengers-directly-to-bahrain-under-new-regulations">open article</a>]]></description><Point><coordinates>69.3,30.4,0</coordinates></Point></Placemark>
<Placemark><name>Brics Summit: PM Modi’s bilateral talks put security, trade in focus</name><styleUrl>#Other</styleUrl><description><![CDATA[HT · LOC · Sun, 13 Sep 2026 19:28:52 GMT<br/><a href="https://www.hindustantimes.com/india-news/pm-modi-s-bilateral-talks-put-security-trade-in-focus-101789327732640.html">open article</a>]]></description><Point><coordinates>79.6,22.9,0</coordinates></Point></Placemark>
<Placemark><name>Keralam CM V.D. Satheesan takes a trip down memory lane at alumni meet</name><styleUrl>#Other</styleUrl><description><![CDATA[HIND · LOC · Sun, 13 Sep 2026 19:27:59 GMT<br/><a href="https://www.thehindu.com/news/national/kerala/satheesan-takes-a-trip-down-memory-lane-at-alumni-meet/article71464032.ece">open article</a>]]></description><Point><coordinates>79.6,22.9,0</coordinates></Point></Placemark>
<Placemark><name>Massive global support needed for developing nations SDGs: UN secy Guterres at Brics Summit</name><styleUrl>#Other</styleUrl><description><![CDATA[HT · LOC · Sun, 13 Sep 2026 19:27:51 GMT<br/><a href="https://www.hindustantimes.com/india-news/massive-global-support-needed-for-developing-nations-sdgs-un-secy-guterres-101789327672360.html">open article</a>]]></description><Point><coordinates>79.6,22.9,0</coordinates></Point></Placemark>
<Placemark><name>SC lets manager off the hook, puts focus on Indian Bank in 35-year-old loan case</name><styleUrl>#Other</styleUrl><description><![CDATA[HT · LOC · Sun, 13 Sep 2026 19:17:51 GMT<br/><a href="https://www.hindustantimes.com/india-news/sclets-manager-off-the-hook-puts-focus-on-indian-bank-in-35-year-old-loan-case-101789327072513.html">open article</a>]]></description><Point><coordinates>79.6,22.9,0</coordinates></Point></Placemark>
<Placemark><name>Want to 'reset' ties with India, should be done through bilateral discussions: Bangladesh</name><styleUrl>#Other</styleUrl><description><![CDATA[HIND · LOC · Sun, 13 Sep 2026 19:14:18 GMT<br/><a href="https://www.thehindu.com/news/national/bangladesh-wants-to-reset-ties-with-india/article71464479.ece">open article</a>]]></description><Point><coordinates>77.21,28.61,0</coordinates></Point></Placemark>
<Placemark><name>India women's team refuses to take Asia Cup trophy from Mohsin Naqvi</name><styleUrl>#Other</styleUrl><description><![CDATA[TOI · LOC · Sun, 13 Sep 2026 19:12:50 GMT<br/><a href="https://timesofindia.indiatimes.com/sports/cricket/news/india-womens-team-refuses-asia-cup-trophy-from-mohsin-naqvi-after-title-win/articleshow/134220894.cms">open article</a>]]></description><Point><coordinates>79.6,22.9,0</coordinates></Point></Placemark>
<Placemark><name>BRICS Summit 2026 Highlights: PM Modi Thanks Leaders For Making BRICS Summit In Delhi "Productive"</name><styleUrl>#Other</styleUrl><description><![CDATA[NDTV · LOC · Sun, 13 Sep 2026 19:04:19 GMT<br/><a href="https://www.ndtv.com/india-news/brics-summit-2026-live-updates-today-pm-narendra-modi-putin-xi-jinping-meet-bharat-mandapam-traffic-new-delhi-declaration-backs-return-of-antiquities-12039405#publisher=newsstand">open article</a>]]></description><Point><coordinates>77.21,28.61,0</coordinates></Point></Placemark>
<Placemark><name>Pezeshkian returns to Tehran after trip to India for BRICS summit</name><styleUrl>#Other</styleUrl><description><![CDATA[IRNA · REG · Sun, 13 Sep 2026 19:03:51 GMT<br/><a href="https://en.irna.ir/news/86263186/Pezeshkian-back-in-Tehran-after-trip-to-India-for-BRICS-summit">open article</a>]]></description><Point><coordinates>51.39,35.69,0</coordinates></Point></Placemark>
<Placemark><name>Chinese troop deployment along LAC fell in 2025, says defence ministry report</name><styleUrl>#Conflict</styleUrl><description><![CDATA[HT · LOC · Sun, 13 Sep 2026 19:02:51 GMT · Conflict/posture<br/><a href="https://www.hindustantimes.com/india-news/chinese-troop-deployment-along-lac-fell-in-2025-says-defence-ministry-report-xi-jinping-narendra-modi-101789326172200.html">open article</a>]]></description><Point><coordinates>110,32,0</coordinates></Point></Placemark>
<Placemark><name>Uniform Civil Code to be introduced in all NDA-ruled states before 2029: Amit Shah</name><styleUrl>#Other</styleUrl><description><![CDATA[HT · LOC · Sun, 13 Sep 2026 19:01:51 GMT<br/><a href="https://www.hindustantimes.com/india-news/shah-ucc-to-be-introduced-in-all-nda-ruled-states-before-29-101789326112288.html">open article</a>]]></description><Point><coordinates>79.6,22.9,0</coordinates></Point></Placemark>
<Placemark><name>Turkey Cracks Down on LGBTQ+ Groups Ahead Of Elections</name><styleUrl>#Other</styleUrl><description><![CDATA[NDTV · LOC · Sun, 13 Sep 2026 18:59:33 GMT<br/><a href="https://www.ndtv.com/world-news/turkey-cracks-down-on-lgbtq-groups-ahead-of-elections-12042413#publisher=newsstand">open article</a>]]></description><Point><coordinates>79.6,22.9,0</coordinates></Point></Placemark>
<Placemark><name>Pre-booking of photo book on Indira Gandhi launched</name><styleUrl>#Other</styleUrl><description><![CDATA[HIND · LOC · Sun, 13 Sep 2026 18:59:21 GMT<br/><a href="https://www.thehindu.com/news/national/tamil-nadu/pre-booking-of-photo-book-on-indira-gandhi-launched/article71463361.ece">open article</a>]]></description><Point><coordinates>79.6,22.9,0</coordinates></Point></Placemark>
<Placemark><name>Sens. Alan Peter at Pia Cayetano, balik-Pilipinas na matapos 'magpahinga' sa Singapore</name><styleUrl>#Other</styleUrl><description><![CDATA[GMA · LOC · Sun, 13 Sep 2026 18:58:29 GMT<br/><a href="https://www.gmanetwork.com/news/balitambayan/balita/1002251/sens-alan-peter-at-pia-cayetano-balik-pilipinas-na-matapos-magpahinga-sa-singapore/story/">open article</a>]]></description><Point><coordinates>115.19,-8.4,0</coordinates></Point></Placemark>
<Placemark><name>Left parties to contest in Tamil Nadu bypolls; CPI to field candidate in Dharapuram, CPI(M) in Madurantakam</name><styleUrl>#Other</styleUrl><description><![CDATA[HIND · LOC · Sun, 13 Sep 2026 18:57:09 GMT<br/><a href="https://www.thehindu.com/news/national/tamil-nadu/left-parties-to-contest-in-tamil-nadu-bypolls-cpi-to-field-candidate-in-dharapuram-cpim-in-madurantakam/article71462935.ece">open article</a>]]></description><Point><coordinates>79.6,22.9,0</coordinates></Point></Placemark>
<Placemark><name>BJP imposing its 'deeply problematic' dietary preferences on foreign dignitaries, says Congress on BRICS dinner</name><styleUrl>#Other</styleUrl><description><![CDATA[HIND · LOC · Sun, 13 Sep 2026 18:56:57 GMT<br/><a href="https://www.thehindu.com/news/national/80-indians-non-vegetarian-indian-non-vegetarian-food-is-delicious-says-rahul/article71463063.ece">open article</a>]]></description><Point><coordinates>79.6,22.9,0</coordinates></Point></Placemark>
<Placemark><name>Senior Western Officials Were At Ukrainian Train Station Before Russian Strike</name><styleUrl>#Other</styleUrl><description><![CDATA[NDTV · LOC · Sun, 13 Sep 2026 18:52:45 GMT<br/><a href="https://www.ndtv.com/world-news/senior-western-officials-were-at-ukrainian-train-station-before-russian-strike-12042402#publisher=newsstand">open article</a>]]></description><Point><coordinates>79.6,22.9,0</coordinates></Point></Placemark>
<Placemark><name>"Move Towards New Relationship": Bangladesh Wants To Reset India Ties</name><styleUrl>#Other</styleUrl><description><![CDATA[NDTV · LOC · Sun, 13 Sep 2026 18:51:53 GMT<br/><a href="https://www.ndtv.com/world-news/move-towards-new-relationship-bangladesh-wants-to-reset-india-ties-12042400#publisher=newsstand">open article</a>]]></description><Point><coordinates>79.6,22.9,0</coordinates></Point></Placemark>
<Placemark><name>Stalled ferry services to two key jetties hit tourists, commuters</name><styleUrl>#Conflict</styleUrl><description><![CDATA[HIND · LOC · Sun, 13 Sep 2026 18:49:49 GMT · Conflict/insurgency<br/><a href="https://www.thehindu.com/news/national/kerala/tourists-hit-as-ferry-services-to-two-kochi-prime-jetties-remain-stalled/article71462982.ece">open article</a>]]></description><Point><coordinates>79.6,22.9,0</coordinates></Point></Placemark>
<Placemark><name>Two held for alleged robbery bid in Kozhikode</name><styleUrl>#Other</styleUrl><description><![CDATA[HIND · LOC · Sun, 13 Sep 2026 18:48:59 GMT<br/><a href="https://www.thehindu.com/news/national/kerala/two-held-in-alleged-robbery-bid/article71463473.ece">open article</a>]]></description><Point><coordinates>79.6,22.9,0</coordinates></Point></Placemark>
<Placemark><name>Bid To Revive Ladakh Lake That Shrunk By 70% In A Decade</name><styleUrl>#Climate</styleUrl><description><![CDATA[NDTV · LOC · Sun, 13 Sep 2026 18:45:55 GMT · Climate/slowonset<br/><a href="https://www.ndtv.com/india-news/bid-to-revive-ladakh-lake-that-shrunk-by-70-in-a-decade-12042382#publisher=newsstand">open article</a>]]></description><Point><coordinates>77.6,34.2,0</coordinates></Point></Placemark>
<Placemark><name>Jaywalking a menace on OMR, motorists say</name><styleUrl>#Other</styleUrl><description><![CDATA[HIND · LOC · Sun, 13 Sep 2026 18:45:38 GMT<br/><a href="https://www.thehindu.com/news/cities/chennai/jaywalking-a-menace-on-omr-motorists-say/article71381679.ece">open article</a>]]></description><Point><coordinates>79.6,22.9,0</coordinates></Point></Placemark>
<Placemark><name>Bridge to replace part of Pallavaram-Thoraipakkam Radial Road on Pallikaranai marshland</name><styleUrl>#Other</styleUrl><description><![CDATA[HIND · LOC · Sun, 13 Sep 2026 18:43:54 GMT<br/><a href="https://www.thehindu.com/news/cities/chennai/bridge-to-replace-part-of-pallavaram-thoraipakkam-radial-road-on-pallikaranai-marshland/article71463911.ece">open article</a>]]></description><Point><coordinates>79.6,22.9,0</coordinates></Point></Placemark>
<Placemark><name>'Op Safed Sagar' Veteran Attacked With Iron Rod By Parking Staff In Gurugram</name><styleUrl>#Other</styleUrl><description><![CDATA[NDTV · LOC · Sun, 13 Sep 2026 18:43:31 GMT<br/><a href="https://www.ndtv.com/india-news/op-safed-sagar-veteran-attacked-with-iron-rod-by-parking-staff-in-gurugram-12042340#publisher=newsstand">open article</a>]]></description><Point><coordinates>79.6,22.9,0</coordinates></Point></Placemark>
<Placemark><name>Long-awaited cab pick-up plaza at Chennai airport opened after two-year delay</name><styleUrl>#Other</styleUrl><description><![CDATA[HIND · LOC · Sun, 13 Sep 2026 18:40:36 GMT<br/><a href="https://www.thehindu.com/news/cities/chennai/long-awaited-cab-pick-up-plaza-at-chennai-airport-opened-after-two-year-delay/article71463252.ece">open article</a>]]></description><Point><coordinates>80.27,13.08,0</coordinates></Point></Placemark>
<Placemark><name>Indian missing after attack on Panama-flagged tanker off Oman; MEA says search ops. on</name><styleUrl>#Climate</styleUrl><description><![CDATA[HIND · LOC · Sun, 13 Sep 2026 18:39:37 GMT · Climate/humanitarian<br/><a href="https://www.thehindu.com/news/national/indian-missing-after-attack-on-panama-flagged-tanker-off-oman-mea-says-search-ops-on/article71464456.ece">open article</a>]]></description><Point><coordinates>79.6,22.9,0</coordinates></Point></Placemark>
<Placemark><name>India Keeps Door Open For Normalisation Of Bangladesh Ties Despite Hasina Row</name><styleUrl>#Other</styleUrl><description><![CDATA[NDTV · LOC · Sun, 13 Sep 2026 18:35:26 GMT<br/><a href="https://www.ndtv.com/world-news/india-keeps-door-open-for-normalisation-of-bangladesh-ties-despite-sheikh-hasina-row-12042361#publisher=newsstand">open article</a>]]></description><Point><coordinates>90.4,23.7,0</coordinates></Point></Placemark>
<Placemark><name>Temple tenants urge CM to implement G.O. fixing rents</name><styleUrl>#Other</styleUrl><description><![CDATA[HIND · LOC · Sun, 13 Sep 2026 18:30:35 GMT<br/><a href="https://www.thehindu.com/news/cities/chennai/temple-tenants-urge-cm-to-implement-go-fixing-rents/article71461067.ece">open article</a>]]></description><Point><coordinates>79.6,22.9,0</coordinates></Point></Placemark>
<Placemark><name>Sheesh Mahal Row Returns? Panel To Inspect Arvind Kejriwal's Former House</name><styleUrl>#Conflict</styleUrl><description><![CDATA[NDTV · LOC · Sun, 13 Sep 2026 18:29:22 GMT · Conflict/insurgency<br/><a href="https://www.ndtv.com/india-news/sheesh-mahal-row-returns-panel-to-inspect-arvind-kejriwals-former-house-12042172#publisher=newsstand">open article</a>]]></description><Point><coordinates>79.6,22.9,0</coordinates></Point></Placemark>
<Placemark><name>BJP opposes circular on breakfast scheme</name><styleUrl>#Other</styleUrl><description><![CDATA[HIND · LOC · Sun, 13 Sep 2026 18:29:21 GMT<br/><a href="https://www.thehindu.com/news/national/tamil-nadu/bjp-opposes-circular-on-breakfast-scheme/article71463355.ece">open article</a>]]></description><Point><coordinates>79.6,22.9,0</coordinates></Point></Placemark>
<Placemark><name>Procession of silk umbrellas leaves for Tirupati from Chennai</name><styleUrl>#Other</styleUrl><description><![CDATA[HIND · LOC · Sun, 13 Sep 2026 18:26:50 GMT<br/><a href="https://www.thehindu.com/news/cities/chennai/procession-of-silk-umbrellas-leaves-for-tirupati-from-chennai/article71464225.ece">open article</a>]]></description><Point><coordinates>80.27,13.08,0</coordinates></Point></Placemark>
<Placemark><name>There is no such thing as a ‘UN map with borders’: UN Secretary General Antonio Guterres</name><styleUrl>#Other</styleUrl><description><![CDATA[HIND · LOC · Sun, 13 Sep 2026 18:26:29 GMT<br/><a href="https://www.thehindu.com/news/international/there-is-no-such-thing-as-a-un-map-with-borders-guterres/article71464117.ece">open article</a>]]></description><Point><coordinates>79.6,22.9,0</coordinates></Point></Placemark>
<Placemark><name>4 miners die in coal mine gas explosion in Balochistan's Harnai</name><styleUrl>#Conflict</styleUrl><description><![CDATA[DAWN · LOC · Sun, 13 Sep 2026 18:18:34 GMT · Conflict/insurgency<br/><a href="https://www.dawn.com/news/2029645/4-miners-die-in-coal-mine-gas-explosion-in-balochistans-harnai">open article</a>]]></description><Point><coordinates>65.5,28.5,0</coordinates></Point></Placemark>
<Placemark><name>'India Key Player In Conflict Resolution': South Africa Minister To NDTV</name><styleUrl>#Other</styleUrl><description><![CDATA[NDTV · LOC · Sun, 13 Sep 2026 18:15:58 GMT<br/><a href="https://www.ndtv.com/india-news/india-key-player-in-conflict-resolution-south-africa-minister-to-ndtv-12042296#publisher=newsstand">open article</a>]]></description><Point><coordinates>79.6,22.9,0</coordinates></Point></Placemark>
<Placemark><name>Chinese Satellite Intel Linked To Iran Strike That Killed 3 US Troops: Report</name><styleUrl>#Conflict</styleUrl><description><![CDATA[NDTV · LOC · Sun, 13 Sep 2026 18:15:17 GMT · Conflict/posture<br/><a href="https://www.ndtv.com/world-news/chinese-satellite-intel-linked-to-iran-strike-that-killed-3-us-troops-report-12042279#publisher=newsstand">open article</a>]]></description><Point><coordinates>116.4,39.9,0</coordinates></Point></Placemark>
<Placemark><name>RPF rescues two teens from Nagaland near Katpadi</name><styleUrl>#Other</styleUrl><description><![CDATA[HIND · LOC · Sun, 13 Sep 2026 18:11:05 GMT<br/><a href="https://www.thehindu.com/news/national/tamil-nadu/rpf-rescues-two-teens-from-nagaland-near-katpadi/article71463243.ece">open article</a>]]></description><Point><coordinates>79.6,22.9,0</coordinates></Point></Placemark>
<Placemark><name>Iran President says Abu Dhabi-Tehran 'agreed to put past behind look to future'</name><styleUrl>#Other</styleUrl><description><![CDATA[TOOM · REG · Sun, 13 Sep 2026 18:09:20 GMT<br/><a href="https://timesofoman.com//article/176900-iran-president-says-abu-dhabi-tehran-agreed-to-put-past-behind-look-to-future">open article</a>]]></description><Point><coordinates>77.21,28.61,0</coordinates></Point></Placemark>
<Placemark><name>New Vellore Corporation Commissioner assumes charge</name><styleUrl>#Other</styleUrl><description><![CDATA[HIND · LOC · Sun, 13 Sep 2026 18:08:06 GMT<br/><a href="https://www.thehindu.com/news/national/tamil-nadu/new-vellore-corporation-commissioner-assumes-charge/article71463248.ece">open article</a>]]></description><Point><coordinates>79.6,22.9,0</coordinates></Point></Placemark>
<Placemark><name>NLCIL hands over four electric vehicles to Auroville</name><styleUrl>#Other</styleUrl><description><![CDATA[HIND · LOC · Sun, 13 Sep 2026 18:06:42 GMT<br/><a href="https://www.thehindu.com/news/national/tamil-nadu/nlcil-hands-over-four-electric-vehicles-to-auroville/article71463196.ece">open article</a>]]></description><Point><coordinates>79.6,22.9,0</coordinates></Point></Placemark>
<Placemark><name>AFG vs IND, 1st T20: Abhishek, Arshdeep shine as India beat Afghanistan by 7 wickets</name><styleUrl>#Other</styleUrl><description><![CDATA[TOOM · REG · Sun, 13 Sep 2026 18:04:19 GMT<br/><a href="https://timesofoman.com//article/176899-afg-vs-ind-1st-t20-abhishek-arshdeep-shine-as-india-beat-afghanistan-by-7-wickets">open article</a>]]></description><Point><coordinates>77.21,28.61,0</coordinates></Point></Placemark>
<Placemark><name>L-G announces ₹15 lakh relief for Leh protest victims</name><styleUrl>#Other</styleUrl><description><![CDATA[HIND · LOC · Sun, 13 Sep 2026 17:57:09 GMT<br/><a href="https://www.thehindu.com/news/national/ladakh/l-g-announces-15-lakh-relief-for-leh-protest-victims/article71464227.ece">open article</a>]]></description><Point><coordinates>77.6,34.2,0</coordinates></Point></Placemark>
<Placemark><name>PM Modi Holds Bilateral Talks With South Africa, Philippines, Egypt Leaders</name><styleUrl>#Other</styleUrl><description><![CDATA[NDTV · LOC · Sun, 13 Sep 2026 17:43:15 GMT<br/><a href="https://www.ndtv.com/india-news/pm-modi-holds-bilateral-talks-with-south-africa-philippines-egypt-leaders-12042178#publisher=newsstand">open article</a>]]></description><Point><coordinates>79.6,22.9,0</coordinates></Point></Placemark>
<Placemark><name>GTA 6 will adopt Red Dead Redemption 2-style chapter structure, Rockstar confirms</name><styleUrl>#Other</styleUrl><description><![CDATA[ARY · LOC · Sun, 13 Sep 2026 17:42:49 GMT<br/><a href="https://arynews.tv/gta-6-will-adopt-red-dead-redemption-2-style-chapter-structure-rockstar-confirms">open article</a>]]></description><Point><coordinates>69.3,30.4,0</coordinates></Point></Placemark>
<Placemark><name>Opinion: Opinion | From Non-Alignment To All-Alignment Towards India: India's Rise</name><styleUrl>#Other</styleUrl><description><![CDATA[NDTV · LOC · Sun, 13 Sep 2026 17:39:24 GMT<br/><a href="https://www.ndtv.com/opinion/brics-2026-non-alignment-to-all-alignment-indias-rise-as-global-power-12041900#publisher=newsstand">open article</a>]]></description><Point><coordinates>79.6,22.9,0</coordinates></Point></Placemark>
<Placemark><name>Trump says ‘very negative forces’ raising exaggerated concerns over AI</name><styleUrl>#Other</styleUrl><description><![CDATA[ARY · LOC · Sun, 13 Sep 2026 17:33:23 GMT<br/><a href="https://arynews.tv/trump-says-very-negative-forces-raising-exaggerated-concerns-over-ai">open article</a>]]></description><Point><coordinates>69.3,30.4,0</coordinates></Point></Placemark>
<Placemark><name>Brigadier Mishra gets Royal College Fellowship for contributions to ophthalmology</name><styleUrl>#Other</styleUrl><description><![CDATA[HT · LOC · Sun, 13 Sep 2026 17:24:05 GMT<br/><a href="https://www.hindustantimes.com/india-news/brigadier-sanjay-kumar-mishra-gets-royal-college-fellowship-london-for-contributions-to-ophthalmology-101789319701772.html">open article</a>]]></description><Point><coordinates>79.6,22.9,0</coordinates></Point></Placemark>
<Placemark><name>Bangladesh wants to ‘reset’ ties with India, calls Hasina-era relationship ‘uncomfortable’</name><styleUrl>#Other</styleUrl><description><![CDATA[HT · LOC · Sun, 13 Sep 2026 17:22:36 GMT<br/><a href="https://www.hindustantimes.com/india-news/bangladesh-says-wants-to-reset-ties-with-india-calls-sheikh-hasina-era-relationship-uncomfortable-101789317654247.html">open article</a>]]></description><Point><coordinates>77.21,28.61,0</coordinates></Point></Placemark>
<Placemark><name>Hormuz Strait and Bab al-Mandab: Two strategic chokepoints</name><styleUrl>#Other</styleUrl><description><![CDATA[TEHT · REG · Sun, 13 Sep 2026 17:21:48 GMT<br/><a href="https://www.tehrantimes.com/news/529990/Hormuz-Strait-and-Bab-al-Mandab-Two-strategic-chokepoints">open article</a>]]></description><Point><coordinates>51.39,35.69,0</coordinates></Point></Placemark>
<Placemark><name>Petrol relief scheme: govt announces registration process for eligible citizens</name><styleUrl>#Other</styleUrl><description><![CDATA[ARY · LOC · Sun, 13 Sep 2026 17:21:23 GMT<br/><a href="https://arynews.tv/petrol-relief-scheme-govt-announces-registration-process-for-eligible-citizens">open article</a>]]></description><Point><coordinates>69.3,30.4,0</coordinates></Point></Placemark>
<Placemark><name>AI Must Not Get Out Of Control: South Africa President At BRICS</name><styleUrl>#Other</styleUrl><description><![CDATA[NDTV · LOC · Sun, 13 Sep 2026 17:17:44 GMT<br/><a href="https://www.ndtv.com/india-news/ai-must-not-get-out-of-control-south-africa-president-at-brics-12042113#publisher=newsstand">open article</a>]]></description><Point><coordinates>79.6,22.9,0</coordinates></Point></Placemark>
<Placemark><name>Iranian top diplomat's consultations go beyond BRICS</name><styleUrl>#Other</styleUrl><description><![CDATA[TEHT · REG · Sun, 13 Sep 2026 17:17:33 GMT<br/><a href="https://www.tehrantimes.com/news/529992/Iranian-top-diplomat-s-consultations-go-beyond-BRICS">open article</a>]]></description><Point><coordinates>77.21,28.61,0</coordinates></Point></Placemark>
<Placemark><name>ABVP protests Umar Khalid documentary screening at NLSIU</name><styleUrl>#Other</styleUrl><description><![CDATA[TOI · LOC · Sun, 13 Sep 2026 17:16:36 GMT<br/><a href="https://timesofindia.indiatimes.com/city/bengaluru/abvp-protests-khalid-docu-screening-at-nlsiu-today/articleshow/134214736.cms">open article</a>]]></description><Point><coordinates>79.6,22.9,0</coordinates></Point></Placemark>
<Placemark><name>Last few monsoon showers for Delhi? IMD forecasts light to heavy rain in some areas over next three days</name><styleUrl>#Climate</styleUrl><description><![CDATA[HT · LOC · Sun, 13 Sep 2026 17:15:38 GMT · Climate/extreme<br/><a href="https://www.hindustantimes.com/india-news/delhi-rain-last-few-monsoon-showers-imd-forecasts-light-to-heavy-rainfall-some-areas-next-three-days-sept-13-to-sept-17-101789313810585.html">open article</a>]]></description><Point><coordinates>77.21,28.61,0</coordinates></Point></Placemark>
<Placemark><name>Mumbai Police deny nod for activist Manoj Jarange's September 19 hunger strike at Azad Maidan</name><styleUrl>#Other</styleUrl><description><![CDATA[HT · LOC · Sun, 13 Sep 2026 17:14:48 GMT<br/><a href="https://www.hindustantimes.com/india-news/mumbai-police-deny-nod-for-activist-manoj-jaranges-september-19-hunger-strike-at-azad-maidan-101789317066028.html">open article</a>]]></description><Point><coordinates>72.88,19.08,0</coordinates></Point></Placemark>
<Placemark><name>FM Araqchi: Oman understanding not enough to reopen Hormuz</name><styleUrl>#Other</styleUrl><description><![CDATA[TEHT · REG · Sun, 13 Sep 2026 17:14:27 GMT<br/><a href="https://www.tehrantimes.com/news/529981/FM-Araqchi-Oman-understanding-not-enough-to-reopen-Hormuz">open article</a>]]></description><Point><coordinates>51.39,35.69,0</coordinates></Point></Placemark>
<Placemark><name>Indonesia says 6 killed, 129 missing after ferry capsizes off Java</name><styleUrl>#Nexus</styleUrl><description><![CDATA[DAWN · LOC · Sun, 13 Sep 2026 17:08:20 GMT · Conflict/insurgency · NEXUS<br/><a href="https://www.dawn.com/news/2029624/indonesia-says-6-killed-129-missing-after-ferry-capsizes-off-java">open article</a>]]></description><Point><coordinates>118,-2.5,0</coordinates></Point></Placemark>
<Placemark><name>Punjab Government Claims Power Crisis Over, Opposition Isn't Convinced</name><styleUrl>#Other</styleUrl><description><![CDATA[NDTV · LOC · Sun, 13 Sep 2026 16:58:02 GMT<br/><a href="https://www.ndtv.com/india-news/punjab-government-claims-power-crisis-over-opposition-isnt-convinced-12042054#publisher=newsstand">open article</a>]]></description><Point><coordinates>79.6,22.9,0</coordinates></Point></Placemark>
<Placemark><name>Trinamool Names Candidates For Nandigram, Rejinagar Bypolls</name><styleUrl>#Other</styleUrl><description><![CDATA[NDTV · LOC · Sun, 13 Sep 2026 16:56:23 GMT<br/><a href="https://www.ndtv.com/india-news/trinamool-names-candidates-for-nandigram-rejinagar-bypolls-12042046#publisher=newsstand">open article</a>]]></description><Point><coordinates>79.6,22.9,0</coordinates></Point></Placemark>
<Placemark><name>Forging a resilient Philippine economy in the age of shocks</name><styleUrl>#Climate</styleUrl><description><![CDATA[BWLD · LOC · Sun, 13 Sep 2026 16:36:30 GMT · Climate/extreme<br/><a href="https://bworldonline.com/special-reports/2026/09/14/776465/forging-a-resilient-philippine-economy-in-the-age-of-shocks/">open article</a>]]></description><Point><coordinates>121.8,12.9,0</coordinates></Point></Placemark>
<Placemark><name>Beyond UMIC: The struggle to make the Philippines more attractive to foreign investors</name><styleUrl>#Other</styleUrl><description><![CDATA[BWLD · LOC · Sun, 13 Sep 2026 16:35:33 GMT<br/><a href="https://bworldonline.com/special-reports/2026/09/14/776467/beyond-umic-the-struggle-to-make-the-philippines-more-attractive-to-foreign-investors/">open article</a>]]></description><Point><coordinates>121.8,12.9,0</coordinates></Point></Placemark>
<Placemark><name>BSP hints it may start easing in 2027</name><styleUrl>#Other</styleUrl><description><![CDATA[BWLD · LOC · Sun, 13 Sep 2026 16:35:29 GMT<br/><a href="https://bworldonline.com/top-stories/2026/09/14/776818/bsp-hints-it-may-start-easing-in-2027/">open article</a>]]></description><Point><coordinates>121.8,12.9,0</coordinates></Point></Placemark>
<Placemark><name>Philippines’ current account gap likely to widen on oil pressures</name><styleUrl>#Other</styleUrl><description><![CDATA[BWLD · LOC · Sun, 13 Sep 2026 16:34:33 GMT<br/><a href="https://bworldonline.com/top-stories/2026/09/14/776679/philippines-current-account-gap-likely-to-widen-on-oil-pressures/">open article</a>]]></description><Point><coordinates>121.8,12.9,0</coordinates></Point></Placemark>
<Placemark><name>Philippine trade policy review</name><styleUrl>#Other</styleUrl><description><![CDATA[BWLD · LOC · Sun, 13 Sep 2026 16:34:27 GMT<br/><a href="https://bworldonline.com/special-reports/2026/09/14/776463/philippine-trade-policy-review/">open article</a>]]></description><Point><coordinates>121.8,12.9,0</coordinates></Point></Placemark>
<Placemark><name>PEZA on track to beat P300-billion target</name><styleUrl>#Other</styleUrl><description><![CDATA[BWLD · LOC · Sun, 13 Sep 2026 16:33:33 GMT<br/><a href="https://bworldonline.com/top-stories/2026/09/14/776678/peza-on-track-to-beat-p300-billion-target/">open article</a>]]></description><Point><coordinates>121.8,12.9,0</coordinates></Point></Placemark>
<Placemark><name>PHL must strengthen supply chains to benefit from ASEAN digital deal</name><styleUrl>#Other</styleUrl><description><![CDATA[BWLD · LOC · Sun, 13 Sep 2026 16:33:28 GMT<br/><a href="https://bworldonline.com/special-reports/2026/09/14/776464/phl-must-strengthen-supply-chains-to-benefit-from-asean-digital-deal/">open article</a>]]></description><Point><coordinates>121.8,12.9,0</coordinates></Point></Placemark>
<Placemark><name>Philippine banks’ property exposure may remain muted</name><styleUrl>#Other</styleUrl><description><![CDATA[BWLD · LOC · Sun, 13 Sep 2026 16:32:32 GMT<br/><a href="https://bworldonline.com/top-stories/2026/09/14/776677/philippine-banks-property-exposure-may-remain-muted/">open article</a>]]></description><Point><coordinates>121.8,12.9,0</coordinates></Point></Placemark>
<Placemark><name>How the Philippines can secure reliable financing to build resilience against external shocks</name><styleUrl>#Other</styleUrl><description><![CDATA[BWLD · LOC · Sun, 13 Sep 2026 16:32:24 GMT<br/><a href="https://bworldonline.com/special-reports/2026/09/14/776461/how-the-philippines-can-secure-reliable-financing-to-build-resilience-against-external-shocks/">open article</a>]]></description><Point><coordinates>121.8,12.9,0</coordinates></Point></Placemark>
<Placemark><name>Justice Ayesha Malik honoured with 'international leader' award in Vienna</name><styleUrl>#Other</styleUrl><description><![CDATA[DAWN · LOC · Sun, 13 Sep 2026 16:32:20 GMT<br/><a href="https://www.dawn.com/news/2029651/justice-ayesha-malik-honoured-with-international-leader-award-in-vienna">open article</a>]]></description><Point><coordinates>73.06,33.72,0</coordinates></Point></Placemark>
<Placemark><name>BusinessWorld explores building crisis-ready Philippines in Part 1 of 39th Anniversary Report</name><styleUrl>#Other</styleUrl><description><![CDATA[BWLD · LOC · Sun, 13 Sep 2026 16:31:34 GMT<br/><a href="https://bworldonline.com/top-stories/2026/09/14/776680/businessworld-explores-building-crisis-ready-philippines-in-part-1-of-39th-anniversary-report/">open article</a>]]></description><Point><coordinates>121.8,12.9,0</coordinates></Point></Placemark>
<Placemark><name>Global shocks fuel push for Philippine energy security</name><styleUrl>#Other</styleUrl><description><![CDATA[BWLD · LOC · Sun, 13 Sep 2026 16:31:23 GMT<br/><a href="https://bworldonline.com/special-reports/2026/09/14/776460/global-shocks-fuel-push-for-philippine-energy-security/">open article</a>]]></description><Point><coordinates>121.8,12.9,0</coordinates></Point></Placemark>
<Placemark><name>PHL aviation balances expansion, costs amid fuel volatility</name><styleUrl>#Other</styleUrl><description><![CDATA[BWLD · LOC · Sun, 13 Sep 2026 16:30:26 GMT<br/><a href="https://bworldonline.com/special-reports/2026/09/14/776462/phl-aviation-balances-expansion-costs-amid-fuel-volatility/">open article</a>]]></description><Point><coordinates>121.8,12.9,0</coordinates></Point></Placemark>
<Placemark><name>Saudi Arabia asserts territorial integrity and security as non-negotiable at BRICS Summit</name><styleUrl>#Other</styleUrl><description><![CDATA[ARY · LOC · Sun, 13 Sep 2026 16:30:10 GMT<br/><a href="https://arynews.tv/saudi-arabia-asserts-territorial-integrity-and-security-as-non-negotiable-at-brics-summit">open article</a>]]></description><Point><coordinates>69.3,30.4,0</coordinates></Point></Placemark>
<Placemark><name>Rethinking the energy system: Why energy security is an economic imperative</name><styleUrl>#Other</styleUrl><description><![CDATA[BWLD · LOC · Sun, 13 Sep 2026 16:29:20 GMT<br/><a href="https://bworldonline.com/special-reports/2026/09/14/776458/rethinking-the-energy-system-why-energy-security-is-an-economic-imperative/">open article</a>]]></description><Point><coordinates>121.8,12.9,0</coordinates></Point></Placemark>
<Placemark><name>PM Shehbaz announces 'relief scheme' for bikes, autos, 800cc vehicles amid rising fuel prices</name><styleUrl>#Other</styleUrl><description><![CDATA[DAWN · LOC · Sun, 13 Sep 2026 16:28:59 GMT<br/><a href="https://www.dawn.com/news/2029634/pm-shehbaz-announces-relief-scheme-for-bikes-autos-800cc-vehicles-amid-rising-fuel-prices">open article</a>]]></description><Point><coordinates>69.3,30.4,0</coordinates></Point></Placemark>
<Placemark><name>Future-proofing the travel and hospitality industry</name><styleUrl>#Other</styleUrl><description><![CDATA[BWLD · LOC · Sun, 13 Sep 2026 16:28:22 GMT<br/><a href="https://bworldonline.com/special-reports/2026/09/14/776459/future-proofing-the-travel-and-hospitality-industry/">open article</a>]]></description><Point><coordinates>121.8,12.9,0</coordinates></Point></Placemark>
<Placemark><name>How are Filipino consumers adjusting their spending?</name><styleUrl>#Other</styleUrl><description><![CDATA[BWLD · LOC · Sun, 13 Sep 2026 16:27:31 GMT<br/><a href="https://bworldonline.com/special-reports/2026/09/14/776505/how-are-filipino-consumers-adjusting-their-spending/">open article</a>]]></description><Point><coordinates>121.8,12.9,0</coordinates></Point></Placemark>
<Placemark><name>Listed firms keep investing but raise bar for projects</name><styleUrl>#Other</styleUrl><description><![CDATA[BWLD · LOC · Sun, 13 Sep 2026 16:26:29 GMT<br/><a href="https://bworldonline.com/special-reports/2026/09/14/776504/listed-firms-keep-investing-but-raise-bar-for-projects/">open article</a>]]></description><Point><coordinates>121.8,12.9,0</coordinates></Point></Placemark>
<Placemark><name>Stop predicting, start designing: Leadership for a converging-risk economy</name><styleUrl>#Climate</styleUrl><description><![CDATA[BWLD · LOC · Sun, 13 Sep 2026 16:25:28 GMT · Climate/extreme<br/><a href="https://bworldonline.com/special-reports/2026/09/14/776503/stop-predicting-start-designing-leadership-for-a-converging-risk-economy/">open article</a>]]></description><Point><coordinates>121.8,12.9,0</coordinates></Point></Placemark>
<Placemark><name>Philippine banks beef up buffers as risks persist</name><styleUrl>#Other</styleUrl><description><![CDATA[BWLD · LOC · Sun, 13 Sep 2026 16:24:28 GMT<br/><a href="https://bworldonline.com/special-reports/2026/09/14/776502/philippine-banks-beef-up-buffers-as-risks-persist/">open article</a>]]></description><Point><coordinates>121.8,12.9,0</coordinates></Point></Placemark>
<Placemark><name>Opposition States Skip BRICS Meet, Six BJP Chief Ministers Join</name><styleUrl>#Other</styleUrl><description><![CDATA[NDTV · LOC · Sun, 13 Sep 2026 16:24:01 GMT<br/><a href="https://www.ndtv.com/india-news/opposition-states-skip-brics-meet-six-bjp-chief-ministers-join-12041958#publisher=newsstand">open article</a>]]></description><Point><coordinates>79.6,22.9,0</coordinates></Point></Placemark>
<Placemark><name>BSP needs forward-looking policy, clear guidance to navigate prolonged uncertainty</name><styleUrl>#Other</styleUrl><description><![CDATA[BWLD · LOC · Sun, 13 Sep 2026 16:23:27 GMT<br/><a href="https://bworldonline.com/special-reports/2026/09/14/776501/bsp-needs-forward-looking-policy-clear-guidance-to-navigate-prolonged-uncertainty/">open article</a>]]></description><Point><coordinates>121.8,12.9,0</coordinates></Point></Placemark>
<Placemark><name>Building a crisis-ready Philippine economy in the age of AI</name><styleUrl>#Other</styleUrl><description><![CDATA[BWLD · LOC · Sun, 13 Sep 2026 16:22:25 GMT<br/><a href="https://bworldonline.com/special-reports/2026/09/14/776500/building-a-crisis-ready-philippine-economy-in-the-age-of-ai/">open article</a>]]></description><Point><coordinates>121.8,12.9,0</coordinates></Point></Placemark>
<Placemark><name>MSMEs cut costs, weigh layoffs amid Middle East war</name><styleUrl>#Other</styleUrl><description><![CDATA[BWLD · LOC · Sun, 13 Sep 2026 16:21:24 GMT<br/><a href="https://bworldonline.com/special-reports/2026/09/14/776499/msmes-cut-costs-weigh-layoffs-amid-middle-east-war/">open article</a>]]></description><Point><coordinates>121.8,12.9,0</coordinates></Point></Placemark>
<Placemark><name>Industrial assets, regional housing seen as resilient growth areas</name><styleUrl>#Other</styleUrl><description><![CDATA[BWLD · LOC · Sun, 13 Sep 2026 16:20:23 GMT<br/><a href="https://bworldonline.com/special-reports/2026/09/14/776498/industrial-assets-regional-housing-seen-as-resilient-growth-areas/">open article</a>]]></description><Point><coordinates>121.8,12.9,0</coordinates></Point></Placemark>
<Placemark><name>Where the next property growth hubs are taking shape</name><styleUrl>#Other</styleUrl><description><![CDATA[BWLD · LOC · Sun, 13 Sep 2026 16:19:22 GMT<br/><a href="https://bworldonline.com/special-reports/2026/09/14/776497/where-the-next-property-growth-hubs-are-taking-shape/">open article</a>]]></description><Point><coordinates>120.98,14.6,0</coordinates></Point></Placemark>
<Placemark><name>Reconfiguring for growth: AI and the future of Philippine real estate</name><styleUrl>#Other</styleUrl><description><![CDATA[BWLD · LOC · Sun, 13 Sep 2026 16:18:21 GMT<br/><a href="https://bworldonline.com/special-reports/2026/09/14/776496/reconfiguring-for-growth-ai-and-the-future-of-philippine-real-estate/">open article</a>]]></description><Point><coordinates>121.8,12.9,0</coordinates></Point></Placemark>
<Placemark><name>How leading firms are pulling ahead on corporate real estate transformation</name><styleUrl>#Other</styleUrl><description><![CDATA[BWLD · LOC · Sun, 13 Sep 2026 16:17:21 GMT<br/><a href="https://bworldonline.com/special-reports/2026/09/14/776495/how-leading-firms-are-pulling-ahead-on-corporate-real-estate-transformation/">open article</a>]]></description><Point><coordinates>121.8,12.9,0</coordinates></Point></Placemark>
<Placemark><name>The resilience dividend: Repositioning Philippine real estate for what’s next</name><styleUrl>#Other</styleUrl><description><![CDATA[BWLD · LOC · Sun, 13 Sep 2026 16:16:20 GMT<br/><a href="https://bworldonline.com/special-reports/2026/09/14/776494/the-resilience-dividend-repositioning-philippine-real-estate-for-whats-next/">open article</a>]]></description><Point><coordinates>105.85,21.03,0</coordinates></Point></Placemark>
<Placemark><name>Section 144 imposed across Punjab from Sept 13 to 17</name><styleUrl>#Other</styleUrl><description><![CDATA[ARY · LOC · Sun, 13 Sep 2026 16:15:25 GMT<br/><a href="https://arynews.tv/section-144-imposed-across-punjab-from-sept-13-to-17">open article</a>]]></description><Point><coordinates>69.3,30.4,0</coordinates></Point></Placemark>
<Placemark><name>Agricultural trade overhaul required to improve food security</name><styleUrl>#Nexus</styleUrl><description><![CDATA[BWLD · LOC · Sun, 13 Sep 2026 16:15:19 GMT · Conflict/insurgency · NEXUS<br/><a href="https://bworldonline.com/special-reports/2026/09/14/776493/agricultural-trade-overhaul-required-to-improve-food-security/">open article</a>]]></description><Point><coordinates>121.8,12.9,0</coordinates></Point></Placemark>
<Placemark><name>Jobs grow, but Philippine wages struggle to rise</name><styleUrl>#Other</styleUrl><description><![CDATA[BWLD · LOC · Sun, 13 Sep 2026 16:14:18 GMT<br/><a href="https://bworldonline.com/special-reports/2026/09/14/776492/jobs-grow-but-philippine-wages-struggle-to-rise/">open article</a>]]></description><Point><coordinates>121.8,12.9,0</coordinates></Point></Placemark>
<Placemark><name>Leading beyond uncertainty: Building a workforce that outlasts every crisis</name><styleUrl>#Other</styleUrl><description><![CDATA[BWLD · LOC · Sun, 13 Sep 2026 16:13:17 GMT<br/><a href="https://bworldonline.com/special-reports/2026/09/14/776491/leading-beyond-uncertainty-building-a-workforce-that-outlasts-every-crisis/">open article</a>]]></description><Point><coordinates>121.8,12.9,0</coordinates></Point></Placemark>
<Placemark><name>Support for multilateralism, expanded trade, fight against unilateralism outcomes of BRICS summit: President</name><styleUrl>#Other</styleUrl><description><![CDATA[IRNA · REG · Sun, 13 Sep 2026 16:12:50 GMT<br/><a href="https://en.irna.ir/news/86263097/Support-for-multilateralism-expanded-trade-fight-against-unilateralism">open article</a>]]></description><Point><coordinates>51.39,35.69,0</coordinates></Point></Placemark>
<Placemark><name>Crisis-ready means moving up the value chain</name><styleUrl>#Other</styleUrl><description><![CDATA[BWLD · LOC · Sun, 13 Sep 2026 16:12:16 GMT<br/><a href="https://bworldonline.com/special-reports/2026/09/14/776490/crisis-ready-means-moving-up-the-value-chain/">open article</a>]]></description><Point><coordinates>121.8,12.9,0</coordinates></Point></Placemark>
<Placemark><name>Saudi pipeline outage threatens loss of 4% of global oil supply</name><styleUrl>#Other</styleUrl><description><![CDATA[ARY · LOC · Sun, 13 Sep 2026 16:10:13 GMT<br/><a href="https://arynews.tv/saudi-pipeline-outage-threatens-loss-of-4-of-global-oil-supply">open article</a>]]></description><Point><coordinates>69.3,30.4,0</coordinates></Point></Placemark>
<Placemark><name>Ship With Indian Crew Attacked Off Oman Coast, 13 Rescued, 1 Missing</name><styleUrl>#Conflict</styleUrl><description><![CDATA[NDTV · LOC · Sun, 13 Sep 2026 16:08:22 GMT · Conflict/insurgency<br/><a href="https://www.ndtv.com/india-news/ship-with-indian-crew-attacked-off-oman-coast-13-rescued-1-missing-12041892#publisher=newsstand">open article</a>]]></description><Point><coordinates>79.6,22.9,0</coordinates></Point></Placemark>
<Placemark><name>After 9/11…</name><styleUrl>#Other</styleUrl><description><![CDATA[TEHT · REG · Sun, 13 Sep 2026 16:06:08 GMT<br/><a href="https://www.tehrantimes.com/news/529987/After-9-11">open article</a>]]></description><Point><coordinates>73.06,33.72,0</coordinates></Point></Placemark>
<Placemark><name>‘Biased impeach vote likely for absent senator-judges’</name><styleUrl>#Other</styleUrl><description><![CDATA[PSTA · LOC · Sun, 13 Sep 2026 16:00:00 GMT<br/><a href="https://www.philstar.com/headlines/2026/09/14/2556062/biased-impeach-vote-likely-absent-senator-judges">open article</a>]]></description><Point><coordinates>121.8,12.9,0</coordinates></Point></Placemark>
<Placemark><name>AMLC to confirm P6.7 billion bank transactions of VP, Mans?</name><styleUrl>#Other</styleUrl><description><![CDATA[PSTA · LOC · Sun, 13 Sep 2026 16:00:00 GMT<br/><a href="https://www.philstar.com/headlines/2026/09/14/2556063/amlc-confirm-p67-billion-bank-transactions-vp-mans">open article</a>]]></description><Point><coordinates>121.8,12.9,0</coordinates></Point></Placemark>
<Placemark><name>House plenary debates on 2027 budget begin this week</name><styleUrl>#Other</styleUrl><description><![CDATA[PSTA · LOC · Sun, 13 Sep 2026 16:00:00 GMT<br/><a href="https://www.philstar.com/headlines/2026/09/14/2556064/house-plenary-debates-2027-budget-begin-week">open article</a>]]></description><Point><coordinates>121.8,12.9,0</coordinates></Point></Placemark>
<Placemark><name>Palace: Indian firms to expand in Philippines</name><styleUrl>#Other</styleUrl><description><![CDATA[PSTA · LOC · Sun, 13 Sep 2026 16:00:00 GMT<br/><a href="https://www.philstar.com/headlines/2026/09/14/2556067/palace-indian-firms-expand-philippines">open article</a>]]></description><Point><coordinates>77.21,28.61,0</coordinates></Point></Placemark>
<Placemark><name>Gibo to reserve force: Protect Philippines land, maritime domain</name><styleUrl>#Conflict</styleUrl><description><![CDATA[PSTA · LOC · Sun, 13 Sep 2026 16:00:00 GMT · Conflict/posture<br/><a href="https://www.philstar.com/headlines/2026/09/14/2556068/gibo-reserve-force-protect-philippines-land-maritime-domain">open article</a>]]></description><Point><coordinates>121.8,12.9,0</coordinates></Point></Placemark>
<Placemark><name>Obstruction raps eyed over Bato’s escape</name><styleUrl>#Other</styleUrl><description><![CDATA[PSTA · LOC · Sun, 13 Sep 2026 16:00:00 GMT<br/><a href="https://www.philstar.com/headlines/2026/09/14/2556070/obstruction-raps-eyed-over-batos-escape">open article</a>]]></description><Point><coordinates>121.8,12.9,0</coordinates></Point></Placemark>
<Placemark><name>ICC sets 3rd status conference on Duterte case</name><styleUrl>#Other</styleUrl><description><![CDATA[PSTA · LOC · Sun, 13 Sep 2026 16:00:00 GMT<br/><a href="https://www.philstar.com/headlines/2026/09/14/2556071/icc-sets-3rd-status-conference-duterte-case">open article</a>]]></description><Point><coordinates>121.8,12.9,0</coordinates></Point></Placemark>
<Placemark><name>PM’s petrol relief package is result of JI sit-ins, claims Hafiz Naeem</name><styleUrl>#Other</styleUrl><description><![CDATA[ARY · LOC · Sun, 13 Sep 2026 15:46:57 GMT<br/><a href="https://arynews.tv/pms-petrol-relief-package-is-result-of-ji-sit-ins-claims-hafiz-naeem">open article</a>]]></description><Point><coordinates>69.3,30.4,0</coordinates></Point></Placemark>
<Placemark><name>New attacks in Hormuz and Saudi test nerves as war’s spread worsens oil disruption</name><styleUrl>#Other</styleUrl><description><![CDATA[ARY · LOC · Sun, 13 Sep 2026 15:42:14 GMT<br/><a href="https://arynews.tv/new-attacks-in-hormuz-and-saudi-test-nerves-as-wars-spread-worsens-oil-disruption">open article</a>]]></description><Point><coordinates>69.3,30.4,0</coordinates></Point></Placemark>
<Placemark><name>Cop injured as wall collapses during KP govt project's inaugural ceremony in Peshawar</name><styleUrl>#Other</styleUrl><description><![CDATA[DAWN · LOC · Sun, 13 Sep 2026 15:42:03 GMT<br/><a href="https://www.dawn.com/news/2029648/cop-injured-as-wall-collapses-during-kp-govt-projects-inaugural-ceremony-in-peshawar">open article</a>]]></description><Point><coordinates>69.3,30.4,0</coordinates></Point></Placemark>
<Placemark><name>Assam man, 23, held for rape, murder of woman over alleged affair: Police</name><styleUrl>#Other</styleUrl><description><![CDATA[HT · LOC · Sun, 13 Sep 2026 15:26:50 GMT<br/><a href="https://www.hindustantimes.com/india-news/assam-man-23-held-for-rape-murder-of-woman-over-alleged-affair-police-101789313210747.html">open article</a>]]></description><Point><coordinates>92.9,26.2,0</coordinates></Point></Placemark>
<Placemark><name>Prabowo calls on BRICS to boost industrialization, global supply chain</name><styleUrl>#Other</styleUrl><description><![CDATA[ANTR · LOC · Sun, 13 Sep 2026 15:26:19 GMT<br/><a href="https://en.antaranews.com/news/431197/prabowo-calls-on-brics-to-boost-industrialization-global-supply-chain">open article</a>]]></description><Point><coordinates>118,-2.5,0</coordinates></Point></Placemark>
<Placemark><name>NEET to move to computer-based test ‘very soon’, says NTA DG: ‘It’s the future'</name><styleUrl>#Other</styleUrl><description><![CDATA[HT · LOC · Sun, 13 Sep 2026 15:01:36 GMT<br/><a href="https://www.hindustantimes.com/india-news/neet-exam-to-move-to-computer-based-test-very-soon-says-nta-dg-its-the-future-national-testing-agency-101789305122212.html">open article</a>]]></description><Point><coordinates>79.6,22.9,0</coordinates></Point></Placemark>
<Placemark><name>Hina Javed's family alleges 'evidence tampering' in murder probe, seeks NCHR's intervention</name><styleUrl>#Other</styleUrl><description><![CDATA[DAWN · LOC · Sun, 13 Sep 2026 14:58:19 GMT<br/><a href="https://www.dawn.com/news/2029631/hina-javeds-family-alleges-evidence-tampering-in-murder-probe-seeks-nchrs-intervention">open article</a>]]></description><Point><coordinates>69.3,30.4,0</coordinates></Point></Placemark>
<Placemark><name>India condemns attack on ship off Oman as seafarer remains missing; 13 Indian crew members rescued</name><styleUrl>#Other</styleUrl><description><![CDATA[HT · LOC · Sun, 13 Sep 2026 14:57:25 GMT<br/><a href="https://www.hindustantimes.com/india-news/india-condemns-attack-on-vessel-off-oman-coast-13-indian-crew-members-rescued-1-missing-101789311281232.html">open article</a>]]></description><Point><coordinates>79.6,22.9,0</coordinates></Point></Placemark>
<Placemark><name>India condemns attack on commercial vessel off Oman coast</name><styleUrl>#Other</styleUrl><description><![CDATA[TOOM · REG · Sun, 13 Sep 2026 14:57:10 GMT<br/><a href="https://timesofoman.com//article/176894-india-condemns-attack-on-commercial-vessel-off-oman-coast">open article</a>]]></description><Point><coordinates>58.41,23.59,0</coordinates></Point></Placemark>
<Placemark><name>Mamata Banerjee-led TMC announces candidates for Bengal, Assam bypolls</name><styleUrl>#Other</styleUrl><description><![CDATA[HT · LOC · Sun, 13 Sep 2026 14:53:50 GMT<br/><a href="https://www.hindustantimes.com/india-news/mamata-banerjee-led-tmc-announces-candidates-for-bengal-assam-bypolls-101789311230398.html">open article</a>]]></description><Point><coordinates>92.9,26.2,0</coordinates></Point></Placemark>
<Placemark><name>Araghchi: Iran-Oman understanding does not mean reopening of Strait of Hormuz</name><styleUrl>#Other</styleUrl><description><![CDATA[IRNA · REG · Sun, 13 Sep 2026 14:52:17 GMT<br/><a href="https://en.irna.ir/photo/86263005/Araghchi-Iran-Oman-understanding-does-not-mean-reopening-of">open article</a>]]></description><Point><coordinates>58.41,23.59,0</coordinates></Point></Placemark>
<Placemark><name>Unprecedented record set in development of thermal power plant infrastructure</name><styleUrl>#Other</styleUrl><description><![CDATA[TEHT · REG · Sun, 13 Sep 2026 14:46:06 GMT<br/><a href="https://www.tehrantimes.com/news/529985/Unprecedented-record-set-in-development-of-thermal-power-plant">open article</a>]]></description><Point><coordinates>51.39,35.69,0</coordinates></Point></Placemark>
<Placemark><name>Iran’s industrial parks to become smart, specialized ecosystems under new SME strategy</name><styleUrl>#Other</styleUrl><description><![CDATA[TEHT · REG · Sun, 13 Sep 2026 14:42:17 GMT<br/><a href="https://www.tehrantimes.com/news/529984/Iran-s-industrial-parks-to-become-smart-specialized-ecosystems">open article</a>]]></description><Point><coordinates>51.39,35.69,0</coordinates></Point></Placemark>
<Placemark><name>Residents decry slow progress on Ghazni-Paktika road project</name><styleUrl>#Other</styleUrl><description><![CDATA[AMU · LOC · Sun, 13 Sep 2026 14:41:08 GMT<br/><a href="https://amu.tv/252224/">open article</a>]]></description><Point><coordinates>67.7,33.9,0</coordinates></Point></Placemark>
<Placemark><name>AI 1980s photo trend: From privacy to climate impact, 3 things to consider before joining in</name><styleUrl>#Other</styleUrl><description><![CDATA[HT · LOC · Sun, 13 Sep 2026 14:29:11 GMT<br/><a href="https://www.hindustantimes.com/india-news/ai-1980s-photo-trend-from-privacy-to-climate-impact-3-things-to-consider-before-joining-in-chatgpt-gemini-trend-101789302065902.html">open article</a>]]></description><Point><coordinates>79.6,22.9,0</coordinates></Point></Placemark>
<Placemark><name>Prabowo urges BRICS members to leverage shared strengths</name><styleUrl>#Other</styleUrl><description><![CDATA[ANTR · LOC · Sun, 13 Sep 2026 14:27:29 GMT<br/><a href="https://en.antaranews.com/news/431195/prabowo-urges-brics-members-to-leverage-shared-strengths">open article</a>]]></description><Point><coordinates>118,-2.5,0</coordinates></Point></Placemark>
<Placemark><name>'One Earth, One Family': Oman lauds India's vision for peace, dialogue at BRICS Summit 2026</name><styleUrl>#Other</styleUrl><description><![CDATA[TOOM · REG · Sun, 13 Sep 2026 14:24:10 GMT<br/><a href="https://timesofoman.com//article/176891-one-earth-one-family-oman-lauds-indias-vision-for-peace-dialogue-at-brics-summit-2026">open article</a>]]></description><Point><coordinates>77.21,28.61,0</coordinates></Point></Placemark>
<Placemark><name>Tuya Smart introduces wheeled Doova AI companion to aid elderly at home</name><styleUrl>#Other</styleUrl><description><![CDATA[ARY · LOC · Sun, 13 Sep 2026 14:23:31 GMT<br/><a href="https://arynews.tv/tuya-smart-introduces-wheeled-doova-ai-companion-to-aid-elderly-at-home">open article</a>]]></description><Point><coordinates>69.3,30.4,0</coordinates></Point></Placemark>
<Placemark><name>US deports Afghan permanent resident in first-ever terrorism court case</name><styleUrl>#Other</styleUrl><description><![CDATA[AMU · LOC · Sun, 13 Sep 2026 14:23:26 GMT<br/><a href="https://amu.tv/252220/">open article</a>]]></description><Point><coordinates>67.7,33.9,0</coordinates></Point></Placemark>
<Placemark><name>Relief for 7 H-1B spouses as court halts rule ending automatic work permit extensions</name><styleUrl>#Other</styleUrl><description><![CDATA[TOI · LOC · Sun, 13 Sep 2026 14:22:58 GMT<br/><a href="https://timesofindia.indiatimes.com/nri/us-canada-news/seven-h-1b-spouses-win-as-us-court-sets-aside-end-of-automatic-ead-extensions/articleshow/134206051.cms">open article</a>]]></description><Point><coordinates>79.6,22.9,0</coordinates></Point></Placemark>
<Placemark><name>Trump turns to golf, family business on Irish visit's second day</name><styleUrl>#Other</styleUrl><description><![CDATA[DAWN · LOC · Sun, 13 Sep 2026 14:12:09 GMT<br/><a href="https://www.dawn.com/news/2029633/trump-turns-to-golf-family-business-on-irish-visits-second-day">open article</a>]]></description><Point><coordinates>69.3,30.4,0</coordinates></Point></Placemark>
<Placemark><name>Taliban detain 38 in Badakhshan amid searches for former security personnel</name><styleUrl>#Other</styleUrl><description><![CDATA[AMU · LOC · Sun, 13 Sep 2026 14:08:39 GMT<br/><a href="https://amu.tv/252215/">open article</a>]]></description><Point><coordinates>67.7,33.9,0</coordinates></Point></Placemark>
<Placemark><name>Obama voices caution on AI, urges Democrats to tackle it, NYT says</name><styleUrl>#Other</styleUrl><description><![CDATA[ARY · LOC · Sun, 13 Sep 2026 14:01:50 GMT<br/><a href="https://arynews.tv/obama-voices-caution-on-ai-urges-democrats-to-tackle-it-nyt-says">open article</a>]]></description><Point><coordinates>69.3,30.4,0</coordinates></Point></Placemark>
<Placemark><name>Muscat meeting to focus on new maritime arrangements in Strait of Hormuz: Araghchi</name><styleUrl>#Other</styleUrl><description><![CDATA[IRNA · REG · Sun, 13 Sep 2026 13:44:57 GMT<br/><a href="https://en.irna.ir/news/86262964/Muscat-meeting-to-focus-on-new-maritime-arrangements-in-Strait">open article</a>]]></description><Point><coordinates>51.39,35.69,0</coordinates></Point></Placemark>
<Placemark><name>Pakistan to continue efforts for 'defusing' regional tensions, PM tells Saudi crown prince</name><styleUrl>#Other</styleUrl><description><![CDATA[DAWN · LOC · Sun, 13 Sep 2026 13:33:26 GMT<br/><a href="https://www.dawn.com/news/2029638/pakistan-to-continue-efforts-for-defusing-regional-tensions-pm-tells-saudi-crown-prince">open article</a>]]></description><Point><coordinates>69.3,30.4,0</coordinates></Point></Placemark>
<Placemark><name>Six dead, 130 missing after Indonesian ferry capsizes in Java Sea</name><styleUrl>#Climate</styleUrl><description><![CDATA[BBC · INT · Sun, 13 Sep 2026 13:30:38 GMT · Climate/humanitarian<br/><a href="https://www.bbc.co.uk/news/articles/cvgykzgljlyo?at_medium=RSS&at_campaign=rss">open article</a>]]></description><Point><coordinates>118,-2.5,0</coordinates></Point></Placemark>
<Placemark><name>Over 20 feared trapped after bus plunges 30 feet into Tamil Nadu river</name><styleUrl>#Other</styleUrl><description><![CDATA[HT · LOC · Sun, 13 Sep 2026 13:30:14 GMT<br/><a href="https://www.hindustantimes.com/india-news/over-20-feared-trapped-after-bus-plunges-plunges-30-feet-into-tamil-nadu-river-101789305901893.html">open article</a>]]></description><Point><coordinates>79.6,22.9,0</coordinates></Point></Placemark>
<Placemark><name>Hajj, Umrah pilgrims face uncertainty over new NADRA vaccination card rule</name><styleUrl>#Other</styleUrl><description><![CDATA[ARY · LOC · Sun, 13 Sep 2026 13:29:16 GMT<br/><a href="https://arynews.tv/hajj-umrah-pilgrims-face-uncertainty-over-new-nadra-vaccination-card-rule">open article</a>]]></description><Point><coordinates>69.3,30.4,0</coordinates></Point></Placemark>
<Placemark><name>498 climbers obtain permits for Nepal’s autumn mountaineering season</name><styleUrl>#Climate</styleUrl><description><![CDATA[OKHB · LOC · Sun, 13 Sep 2026 13:25:32 GMT · Climate/extreme<br/><a href="https://english.onlinekhabar.com/498-climbers-obtain-permits-for-nepals-autumn-mountaineering-season.html">open article</a>]]></description><Point><coordinates>85.32,27.71,0</coordinates></Point></Placemark>
<Placemark><name>Indonesia: Second ferry disaster in five days</name><styleUrl>#Nexus</styleUrl><description><![CDATA[F24 · INT · Sun, 13 Sep 2026 13:17:21 GMT · Conflict/insurgency · NEXUS<br/><a href="https://www.france24.com/en/indonesia-second-ferry-disaster-in-five-days">open article</a>]]></description><Point><coordinates>118,-2.5,0</coordinates></Point></Placemark>
<Placemark><name>The couple bringing Nepal to Australia, one product at a time</name><styleUrl>#Conflict</styleUrl><description><![CDATA[OKHB · LOC · Sun, 13 Sep 2026 13:15:00 GMT · Conflict/insurgency<br/><a href="https://english.onlinekhabar.com/sagoon-nepali-australian-journey.html">open article</a>]]></description><Point><coordinates>151.21,-33.87,0</coordinates></Point></Placemark>
<Placemark><name>Unions Seek $250.66 Minimum Wage for Garment Workers in 2027</name><styleUrl>#Other</styleUrl><description><![CDATA[CBJA · LOC · Sun, 13 Sep 2026 13:14:07 GMT<br/><a href="https://cambojanews.com/unions-seek-250-66-minimum-wage-for-garment-workers-in-2027/">open article</a>]]></description><Point><coordinates>104.9,12.5,0</coordinates></Point></Placemark>
<Placemark><name>Govt announces Rs100 per litre petrol relief under special scheme</name><styleUrl>#Other</styleUrl><description><![CDATA[ARY · LOC · Sun, 13 Sep 2026 13:04:49 GMT<br/><a href="https://arynews.tv/govt-announces-rs100-per-litre-petrol-relief-under-special-scheme">open article</a>]]></description><Point><coordinates>69.3,30.4,0</coordinates></Point></Placemark>
<Placemark><name>Philippines holding historic election in Muslim autonomous region</name><styleUrl>#Conflict</styleUrl><description><![CDATA[SCMP · REG · Sun, 13 Sep 2026 13:01:24 GMT · Conflict/insurgency<br/><a href="https://www.scmp.com/news/asia/southeast-asia/article/3367362/philippines-holding-historic-election-muslim-autonomous-region?utm_source=rss_feed">open article</a>]]></description><Point><coordinates>125,7.5,0</coordinates></Point></Placemark>
<Placemark><name>Does Beijing need AI talent in ‘public opinion war’ over South China Sea?</name><styleUrl>#Other</styleUrl><description><![CDATA[SCMP · REG · Sun, 13 Sep 2026 13:00:06 GMT<br/><a href="https://www.scmp.com/news/china/science/article/3367357/does-beijing-need-ai-talent-public-opinion-war-over-south-china-sea?utm_source=rss_feed">open article</a>]]></description><Point><coordinates>116.4,39.9,0</coordinates></Point></Placemark>
<Placemark><name>Anthropic CEO urges AI companies to slow model development amid fears over misuse</name><styleUrl>#Other</styleUrl><description><![CDATA[ARY · LOC · Sun, 13 Sep 2026 12:57:08 GMT<br/><a href="https://arynews.tv/anthropic-ceo-urges-ai-companies-to-slow-model-development-amid-fears-over-misuse">open article</a>]]></description><Point><coordinates>69.3,30.4,0</coordinates></Point></Placemark>
<Placemark><name>Nepali Congress opens door for Deuba-era central committee members</name><styleUrl>#Other</styleUrl><description><![CDATA[OKHB · LOC · Sun, 13 Sep 2026 12:52:53 GMT<br/><a href="https://english.onlinekhabar.com/nepali-congress-deuba-era-cc-members.html">open article</a>]]></description><Point><coordinates>85.32,27.71,0</coordinates></Point></Placemark>
<Placemark><name>China’s development model offers lessons for Nepal, says Khanal</name><styleUrl>#Other</styleUrl><description><![CDATA[OKHB · LOC · Sun, 13 Sep 2026 12:52:42 GMT<br/><a href="https://english.onlinekhabar.com/chinas-development-model-offers-lessons-for-nepal-says-khanal.html">open article</a>]]></description><Point><coordinates>85.32,27.71,0</coordinates></Point></Placemark>
<Placemark><name>Kathmandu Metropolitan City to launch ‘Recharge Kathmandu’ campaign to reduce urban flooding</name><styleUrl>#Climate</styleUrl><description><![CDATA[OKHB · LOC · Sun, 13 Sep 2026 12:46:43 GMT · Climate/extreme<br/><a href="https://english.onlinekhabar.com/kathmandu-metropolitan-city-to-launch-recharge-kathmandu-campaign-to-reduce-urban-flooding.html">open article</a>]]></description><Point><coordinates>85.32,27.71,0</coordinates></Point></Placemark>
<Placemark><name>Indra Jatra preparations begin as Guthi Sansthan team reaches Bhaktapur</name><styleUrl>#Climate</styleUrl><description><![CDATA[OKHB · LOC · Sun, 13 Sep 2026 12:43:00 GMT · Climate/response<br/><a href="https://english.onlinekhabar.com/indra-jatra-preparations-begin-as-guthi-sansthan-team-reaches-bhaktapur.html">open article</a>]]></description><Point><coordinates>85.32,27.71,0</coordinates></Point></Placemark>
<Placemark><name>Carney pushes idea of making Canada ‘associate member’ of EU, WSJ reports</name><styleUrl>#Other</styleUrl><description><![CDATA[ARY · LOC · Sun, 13 Sep 2026 12:33:52 GMT<br/><a href="https://arynews.tv/carney-pushes-idea-of-making-canada-associate-member-of-eu-wsj-reports">open article</a>]]></description><Point><coordinates>69.3,30.4,0</coordinates></Point></Placemark>
<Placemark><name>Month-long Gunla festival at Swayambhunath concludes</name><styleUrl>#Other</styleUrl><description><![CDATA[OKHB · LOC · Sun, 13 Sep 2026 12:32:51 GMT<br/><a href="https://english.onlinekhabar.com/month-long-gunla-festival-at-swayambhunath-concludes.html">open article</a>]]></description><Point><coordinates>85.32,27.71,0</coordinates></Point></Placemark>
<Placemark><name>Teej begins with Dar feast ahead of fasting</name><styleUrl>#Climate</styleUrl><description><![CDATA[OKHB · LOC · Sun, 13 Sep 2026 12:29:35 GMT · Climate/response<br/><a href="https://english.onlinekhabar.com/teej-begins-with-dar-feast-ahead-of-fasting.html">open article</a>]]></description><Point><coordinates>85.32,27.71,0</coordinates></Point></Placemark>
<Placemark><name>Former minister Jamil Khir to face three charges over Tabung Haji probe tomorrow</name><styleUrl>#Other</styleUrl><description><![CDATA[MMAI · LOC · Sun, 13 Sep 2026 12:22:33 GMT<br/><a href="https://www.malaymail.com/news/malaysia/2026/09/13/former-minister-jamil-khir-to-face-three-charges-over-tabung-haji-probe-tomorrow/235078">open article</a>]]></description><Point><coordinates>101.69,3.14,0</coordinates></Point></Placemark>
<Placemark><name>Flood survivors struggle to rebuild their lives (Photos)</name><styleUrl>#Climate</styleUrl><description><![CDATA[OKHB · LOC · Sun, 13 Sep 2026 12:21:25 GMT · Climate/extreme<br/><a href="https://english.onlinekhabar.com/flood-survivors-struggle-to-rebuild-their-lives-photos.html">open article</a>]]></description><Point><coordinates>84,28.2,0</coordinates></Point></Placemark>
<Placemark><name>At least six dead and 130 missing after Indonesian ferry capsizes, officials say</name><styleUrl>#Nexus</styleUrl><description><![CDATA[GUAR · INT · Sun, 13 Sep 2026 12:18:49 GMT · Conflict/insurgency · NEXUS<br/><a href="https://www.theguardian.com/world/2026/sep/13/indonesian-rescue-crews-searching-for-140-people-after-ferry-hit-bad-weather">open article</a>]]></description><Point><coordinates>118,-2.5,0</coordinates></Point></Placemark>
<Placemark><name>Crash and burn: Pakistan cricket at a new low after England humiliation</name><styleUrl>#Other</styleUrl><description><![CDATA[DAWN · LOC · Sun, 13 Sep 2026 12:13:37 GMT<br/><a href="https://www.dawn.com/news/2029627/crash-and-burn-pakistan-cricket-at-a-new-low-after-england-humiliation">open article</a>]]></description><Point><coordinates>69.3,30.4,0</coordinates></Point></Placemark>
<Placemark><name>Knowledge-based companies to expand role in advanced materials sector</name><styleUrl>#Other</styleUrl><description><![CDATA[TEHT · REG · Sun, 13 Sep 2026 12:11:48 GMT<br/><a href="https://www.tehrantimes.com/news/529970/Knowledge-based-companies-to-expand-role-in-advanced-materials">open article</a>]]></description><Point><coordinates>51.39,35.69,0</coordinates></Point></Placemark>
<Placemark><name>Iranian universities, Malaysia’s UKM discuss joint high-tech research projects</name><styleUrl>#Other</styleUrl><description><![CDATA[TEHT · REG · Sun, 13 Sep 2026 12:09:51 GMT<br/><a href="https://www.tehrantimes.com/news/529968/Iranian-universities-Malaysia-s-UKM-discuss-joint-high-tech">open article</a>]]></description><Point><coordinates>51.39,35.69,0</coordinates></Point></Placemark>
<Placemark><name>Krishnabhir road partially reopens, 2-way traffic to resume Thursday</name><styleUrl>#Other</styleUrl><description><![CDATA[OKHB · LOC · Sun, 13 Sep 2026 12:06:55 GMT<br/><a href="https://english.onlinekhabar.com/krishnabhir-road-partially-reopens-2-way-traffic-to-resume-thursday.html">open article</a>]]></description><Point><coordinates>85.32,27.71,0</coordinates></Point></Placemark>
<Placemark><name>MOH assures healthcare access will continue in rural Sarawak after suspension of Flying Doctor Service</name><styleUrl>#Other</styleUrl><description><![CDATA[MMAI · LOC · Sun, 13 Sep 2026 12:04:07 GMT<br/><a href="https://www.malaymail.com/news/malaysia/2026/09/13/moh-assures-healthcare-access-will-continue-in-rural-sarawak-after-suspension-of-flying-doctor-service/235076">open article</a>]]></description><Point><coordinates>110.34,1.55,0</coordinates></Point></Placemark>
<Placemark><name>Rabies patient from Tando Allahyar admitted at JPMC</name><styleUrl>#Other</styleUrl><description><![CDATA[ARY · LOC · Sun, 13 Sep 2026 12:03:38 GMT<br/><a href="https://arynews.tv/rabies-patient-tando-allahyar-admitted-jpmc">open article</a>]]></description><Point><coordinates>69.3,30.4,0</coordinates></Point></Placemark>
<Placemark><name>Deuba faction names election committee coordinator for general convention</name><styleUrl>#Other</styleUrl><description><![CDATA[OKHB · LOC · Sun, 13 Sep 2026 12:01:39 GMT<br/><a href="https://english.onlinekhabar.com/deuba-faction-names-election-committee-coordinator-for-general-convention.html">open article</a>]]></description><Point><coordinates>85.32,27.71,0</coordinates></Point></Placemark>
<Placemark><name>Guterres: Old global order must change as power shifts to emerging economies</name><styleUrl>#Other</styleUrl><description><![CDATA[UN · INT · Sun, 13 Sep 2026 12:00:00 GMT<br/><a href="https://news.un.org/feed/view/en/story/2026/09/1168323">open article</a>]]></description><Point><coordinates>77.21,28.61,0</coordinates></Point></Placemark>
<Placemark><name>Minister Pun: Work underway to free NAST from political interference</name><styleUrl>#Other</styleUrl><description><![CDATA[OKHB · LOC · Sun, 13 Sep 2026 11:56:09 GMT<br/><a href="https://english.onlinekhabar.com/minister-pun-work-underway-to-free-nast-from-political-interference.html">open article</a>]]></description><Point><coordinates>85.32,27.71,0</coordinates></Point></Placemark>
<Placemark><name>Flood causes Rs 172 billion in infrastructure damage, Rs 474 billion needed for reconstruction</name><styleUrl>#Climate</styleUrl><description><![CDATA[OKHB · LOC · Sun, 13 Sep 2026 11:50:47 GMT · Climate/extreme<br/><a href="https://english.onlinekhabar.com/flood-causes-rs-172-billion-in-infrastructure-damage-rs-474-billion-needed-for-reconstruction.html">open article</a>]]></description><Point><coordinates>85.32,27.71,0</coordinates></Point></Placemark>
<Placemark><name>Talks with JI: Govt seeks one-day delay for petroleum levy talks</name><styleUrl>#Other</styleUrl><description><![CDATA[ARY · LOC · Sun, 13 Sep 2026 11:48:17 GMT<br/><a href="https://arynews.tv/talks-with-ji-govt-seeks-one-day-delay-for-petroleum-levy-talks">open article</a>]]></description><Point><coordinates>69.3,30.4,0</coordinates></Point></Placemark>
<Placemark><name>Bhotekoshi flood damages 7,570 homes across 5 districts</name><styleUrl>#Climate</styleUrl><description><![CDATA[OKHB · LOC · Sun, 13 Sep 2026 11:47:22 GMT · Climate/extreme<br/><a href="https://english.onlinekhabar.com/bhotekoshi-flood-damages-7570-homes-across-5-districts.html">open article</a>]]></description><Point><coordinates>85.32,27.71,0</coordinates></Point></Placemark>
<Placemark><name>BRICS holds key resources for a green century, Prabowo says</name><styleUrl>#Other</styleUrl><description><![CDATA[ANTR · LOC · Sun, 13 Sep 2026 11:46:48 GMT<br/><a href="https://en.antaranews.com/news/431192/brics-holds-key-resources-for-a-green-century-prabowo-says">open article</a>]]></description><Point><coordinates>118,-2.5,0</coordinates></Point></Placemark>
<Placemark><name>S’pore bakery Baker’s Brew rebranded as BB Atelier &amp; goes into liquidation, says 95% of customers refunded</name><styleUrl>#Other</styleUrl><description><![CDATA[MOTH · LOC · Sun, 13 Sep 2026 11:39:28 GMT<br/><a href="https://mothership.sg/2026/09/baker-brew-liquidation-rebrand/">open article</a>]]></description><Point><coordinates>103.82,1.35,0</coordinates></Point></Placemark>
<Placemark><name>Nepal estimates flood reconstruction cost at $4.78 billion</name><styleUrl>#Climate</styleUrl><description><![CDATA[TOOM · REG · Sun, 13 Sep 2026 11:37:23 GMT · Climate/extreme<br/><a href="https://timesofoman.com//article/176875-nepal-estimates-flood-reconstruction-cost-at-478-billion">open article</a>]]></description><Point><coordinates>85.32,27.71,0</coordinates></Point></Placemark>
<Placemark><name>Prabowo urges BRICS to turn vulnerabilities into economic strength</name><styleUrl>#Other</styleUrl><description><![CDATA[ANTR · LOC · Sun, 13 Sep 2026 11:26:31 GMT<br/><a href="https://en.antaranews.com/news/431188/prabowo-urges-brics-to-turn-vulnerabilities-into-economic-strength">open article</a>]]></description><Point><coordinates>118,-2.5,0</coordinates></Point></Placemark>
<Placemark><name>Nepal names 15-member cricket squad for Asian Games</name><styleUrl>#Other</styleUrl><description><![CDATA[OKHB · LOC · Sun, 13 Sep 2026 11:22:33 GMT<br/><a href="https://english.onlinekhabar.com/nepal-names-15-member-cricket-squad-for-asian-games.html">open article</a>]]></description><Point><coordinates>85.32,27.71,0</coordinates></Point></Placemark>
<Placemark><name>FIA allowed to arrest Unity Foods’ CEO in graft case</name><styleUrl>#Other</styleUrl><description><![CDATA[DAWN · LOC · Sun, 13 Sep 2026 11:18:53 GMT<br/><a href="https://www.dawn.com/news/2029576/fia-allowed-to-arrest-unity-foods-ceo-in-graft-case">open article</a>]]></description><Point><coordinates>67,24.86,0</coordinates></Point></Placemark>
<Placemark><name>Pakistan, China explore new business partnerships in AI, advanced manufacturing, digital infrastructure</name><styleUrl>#Other</styleUrl><description><![CDATA[ARY · LOC · Sun, 13 Sep 2026 11:17:10 GMT<br/><a href="https://arynews.tv/pakistan-china-explore-new-business-partnerships-in-ai-advanced-manufacturing-digital-infrastructure">open article</a>]]></description><Point><coordinates>69.3,30.4,0</coordinates></Point></Placemark>
<Placemark><name>AOC demands deadline extension for Digital Vaccination Cards for Hajj and Umrah pilgrims</name><styleUrl>#Other</styleUrl><description><![CDATA[ARY · LOC · Sun, 13 Sep 2026 11:13:11 GMT<br/><a href="https://arynews.tv/aoc-demands-deadline-extension-for-digital-vaccination-cards-for-hajj-and-umrah-pilgrims">open article</a>]]></description><Point><coordinates>69.3,30.4,0</coordinates></Point></Placemark>
<Placemark><name>Parliament Open Day draws record 13,368 visitors</name><styleUrl>#Other</styleUrl><description><![CDATA[MMAI · LOC · Sun, 13 Sep 2026 11:11:32 GMT<br/><a href="https://www.malaymail.com/news/malaysia/2026/09/13/parliament-open-day-draws-record-13368-visitors/235075">open article</a>]]></description><Point><coordinates>101.69,3.14,0</coordinates></Point></Placemark>
<Placemark><name>Preparations underway to partially reopen Prithvi Highway at Krishnabhir</name><styleUrl>#Climate</styleUrl><description><![CDATA[OKHB · LOC · Sun, 13 Sep 2026 11:07:27 GMT · Climate/extreme<br/><a href="https://english.onlinekhabar.com/preparations-partially-reopen-krishnabhir.html">open article</a>]]></description><Point><coordinates>84,28.2,0</coordinates></Point></Placemark>
<Placemark><name>Saudi Arabia braces for heavy thunderstorms, flash floods</name><styleUrl>#Climate</styleUrl><description><![CDATA[ARY · LOC · Sun, 13 Sep 2026 11:04:32 GMT · Climate/extreme<br/><a href="https://arynews.tv/saudi-arabia-braces-for-heavy-thunderstorms-flash-floods">open article</a>]]></description><Point><coordinates>69.3,30.4,0</coordinates></Point></Placemark>
<Placemark><name>Welfare plot ‘sold’ through fraud in Karachi, case registered</name><styleUrl>#Other</styleUrl><description><![CDATA[ARY · LOC · Sun, 13 Sep 2026 10:57:14 GMT<br/><a href="https://arynews.tv/welfare-plot-sold-through-fraud-in-karachi-case-registered">open article</a>]]></description><Point><coordinates>67,24.86,0</coordinates></Point></Placemark>
<Placemark><name>Thunderstorms, heavy rain and strong winds forecast in seven states and KL until 9pm</name><styleUrl>#Other</styleUrl><description><![CDATA[MMAI · LOC · Sun, 13 Sep 2026 10:36:25 GMT<br/><a href="https://www.malaymail.com/news/malaysia/2026/09/13/thunderstorms-heavy-rain-and-strong-winds-forecast-in-seven-states-and-kl-until-9pm/235071">open article</a>]]></description><Point><coordinates>101.69,3.14,0</coordinates></Point></Placemark>
<Placemark><name>Java Sea ferry accident leaves six dead, 140 missing: Basarnas</name><styleUrl>#Nexus</styleUrl><description><![CDATA[ANTR · LOC · Sun, 13 Sep 2026 10:32:40 GMT · Conflict/insurgency · NEXUS<br/><a href="https://en.antaranews.com/news/431184/java-sea-ferry-accident-leaves-six-dead-140-missing-basarnas">open article</a>]]></description><Point><coordinates>118,-2.5,0</coordinates></Point></Placemark>
<Placemark><name>Anwar: No country should have to choose between repaying debt and caring for its people</name><styleUrl>#Other</styleUrl><description><![CDATA[MMAI · LOC · Sun, 13 Sep 2026 10:31:59 GMT<br/><a href="https://www.malaymail.com/news/malaysia/2026/09/13/anwar-no-country-should-have-to-choose-between-repaying-debt-and-caring-for-its-people/235070">open article</a>]]></description><Point><coordinates>77.21,28.61,0</coordinates></Point></Placemark>
<Placemark><name>Cafeteria ceiling collapses at costly parliament complex</name><styleUrl>#Other</styleUrl><description><![CDATA[BKKP · LOC · Sun, 13 Sep 2026 10:30:00 GMT<br/><a href="https://www.bangkokpost.com/thailand/general/3318928/cafeteria-ceiling-collapses-at-costly-parliament-complex">open article</a>]]></description><Point><coordinates>101,15,0</coordinates></Point></Placemark>
<Placemark><name>Parts of Karachi may face water shortage due to power breakdown at Dhabeji: KWSC</name><styleUrl>#Other</styleUrl><description><![CDATA[DAWN · LOC · Sun, 13 Sep 2026 10:17:38 GMT<br/><a href="https://www.dawn.com/news/2029625/parts-of-karachi-may-face-water-shortage-due-to-power-breakdown-at-dhabeji-kwsc">open article</a>]]></description><Point><coordinates>67,24.86,0</coordinates></Point></Placemark>
<Placemark><name>Indonesia ready to expand support for global food needs: Prabowo</name><styleUrl>#Other</styleUrl><description><![CDATA[ANTR · LOC · Sun, 13 Sep 2026 10:13:19 GMT<br/><a href="https://en.antaranews.com/news/431181/indonesia-ready-to-expand-support-for-global-food-needs-prabowo">open article</a>]]></description><Point><coordinates>118,-2.5,0</coordinates></Point></Placemark>
<Placemark><name>Man hospitalised after unknown assailant stabs him at KL Wholesale Market</name><styleUrl>#Other</styleUrl><description><![CDATA[MMAI · LOC · Sun, 13 Sep 2026 10:10:00 GMT<br/><a href="https://www.malaymail.com/news/malaysia/2026/09/13/man-hospitalised-after-unknown-assailant-stabs-him-at-kl-wholesale-market/235069">open article</a>]]></description><Point><coordinates>101.69,3.14,0</coordinates></Point></Placemark>
<Placemark><name>‘This may be my last time’: Abang Johari hints at possible final term as PBB president, calls on younger leaders to step up</name><styleUrl>#Other</styleUrl><description><![CDATA[MMAI · LOC · Sun, 13 Sep 2026 10:02:54 GMT<br/><a href="https://www.malaymail.com/news/malaysia/2026/09/13/this-may-be-my-last-time-abang-johari-hints-at-possible-final-term-as-pbb-president-calls-on-younger-leaders-to-step-up/235068">open article</a>]]></description><Point><coordinates>102.3,4,0</coordinates></Point></Placemark>
<Placemark><name>Chinese scientists develop new oil refining method that may cut energy use by 90%</name><styleUrl>#Other</styleUrl><description><![CDATA[SCMP · REG · Sun, 13 Sep 2026 10:00:07 GMT<br/><a href="https://www.scmp.com/news/china/science/article/3367332/chinese-scientists-develop-new-oil-refining-method-may-cut-energy-use-90?utm_source=rss_feed">open article</a>]]></description><Point><coordinates>110,32,0</coordinates></Point></Placemark>
<Placemark><name>SNAPSHOT | Najib's daughter new Puteri Umno info chief</name><styleUrl>#Other</styleUrl><description><![CDATA[MKIN · LOC · Sun, 13 Sep 2026 10:00:00 GMT<br/><a href="https://www.malaysiakini.com/news/884968-snapshot-najibs-daughter-is-new-puteri-umno-info-chief">open article</a>]]></description><Point><coordinates>102.3,4,0</coordinates></Point></Placemark>
<Placemark><name>Anglers find barrel with suspected human remains near Machap Water Reservoir</name><styleUrl>#Other</styleUrl><description><![CDATA[MMAI · LOC · Sun, 13 Sep 2026 09:58:32 GMT<br/><a href="https://www.malaymail.com/news/malaysia/2026/09/13/anglers-find-barrel-with-suspected-human-remains-near-machap-water-reservoir/235066">open article</a>]]></description><Point><coordinates>102.3,4,0</coordinates></Point></Placemark>
<Placemark><name>‘Nailing’ technique to be applied on cliff as landslides continue unabated at Tuilkhola</name><styleUrl>#Nexus</styleUrl><description><![CDATA[OKHB · LOC · Sun, 13 Sep 2026 09:56:46 GMT · Climate/extreme · NEXUS<br/><a href="https://english.onlinekhabar.com/nailing-technique-to-be-applied.html">open article</a>]]></description><Point><coordinates>84,28.2,0</coordinates></Point></Placemark>
<Placemark><name>Actress links threat to her testifying about Tangmo's death</name><styleUrl>#Other</styleUrl><description><![CDATA[BKKP · LOC · Sun, 13 Sep 2026 09:53:00 GMT<br/><a href="https://www.bangkokpost.com/thailand/general/3318914/actress-links-threat-to-her-testifying-about-tangmos-death">open article</a>]]></description><Point><coordinates>101,15,0</coordinates></Point></Placemark>
<Placemark><name>Did a video of PM Anwar singing a Hindi song go viral?</name><styleUrl>#Other</styleUrl><description><![CDATA[ARY · LOC · Sun, 13 Sep 2026 09:51:17 GMT<br/><a href="https://arynews.tv/quickcheck-did-a-video-of-pm-anwar-singing-a-hindi-song-go-viral">open article</a>]]></description><Point><coordinates>69.3,30.4,0</coordinates></Point></Placemark>
<Placemark><name>Eight miners trapped as toxic gas filled in Harnai coalmine</name><styleUrl>#Other</styleUrl><description><![CDATA[ARY · LOC · Sun, 13 Sep 2026 09:38:20 GMT<br/><a href="https://arynews.tv/eight-miners-trapped-toxic-gas-filled-in-coalmine">open article</a>]]></description><Point><coordinates>69.3,30.4,0</coordinates></Point></Placemark>
<Placemark><name>Borneo needs additional seats, but Fadhli says adding 'Malay belt' constituencies more critical</name><styleUrl>#Other</styleUrl><description><![CDATA[MKIN · LOC · Sun, 13 Sep 2026 09:33:03 GMT<br/><a href="https://www.malaysiakini.com/news/884967-more-borneo-seats-needed-but-fadhli-says-adding-malay-belt-constituencies-more-critical">open article</a>]]></description><Point><coordinates>118,-2.5,0</coordinates></Point></Placemark>
<Placemark><name>Anwar heads to Keralam for final leg of India visit after Brics summit</name><styleUrl>#Other</styleUrl><description><![CDATA[MMAI · LOC · Sun, 13 Sep 2026 09:28:20 GMT<br/><a href="https://www.malaymail.com/news/malaysia/2026/09/13/anwar-heads-to-keralam-for-final-leg-of-india-visit-after-brics-summit/235065">open article</a>]]></description><Point><coordinates>77.21,28.61,0</coordinates></Point></Placemark>
<Placemark><name>China's Xi pushes 'Greater Brics' economic ties to give bloc larger global role</name><styleUrl>#Other</styleUrl><description><![CDATA[DAWN · LOC · Sun, 13 Sep 2026 09:22:16 GMT<br/><a href="https://www.dawn.com/news/2029619/chinas-xi-pushes-greater-brics-economic-ties-to-give-bloc-larger-global-role">open article</a>]]></description><Point><coordinates>116.4,39.9,0</coordinates></Point></Placemark>
<Placemark><name>Home minister: New deputy IGP chosen after consultation with King, announcement due soon</name><styleUrl>#Other</styleUrl><description><![CDATA[MMAI · LOC · Sun, 13 Sep 2026 09:12:20 GMT<br/><a href="https://www.malaymail.com/news/malaysia/2026/09/13/home-minister-new-deputy-igp-chosen-after-consultation-with-king-announcement-due-soon/235063">open article</a>]]></description><Point><coordinates>102.3,4,0</coordinates></Point></Placemark>
<Placemark><name>Lim Guan Eng calls for unity to counter PAS and Umno’s racial, religious politics</name><styleUrl>#Other</styleUrl><description><![CDATA[MMAI · LOC · Sun, 13 Sep 2026 09:11:22 GMT<br/><a href="https://www.malaymail.com/news/malaysia/2026/09/13/lim-guan-eng-calls-for-unity-to-counter-pas-and-umnos-racial-religious-politics/235062">open article</a>]]></description><Point><coordinates>101.69,3.14,0</coordinates></Point></Placemark>
<Placemark><name>Kota Bharu police seek man seen kicking young girl in restaurant CCTV video</name><styleUrl>#Other</styleUrl><description><![CDATA[MMAI · LOC · Sun, 13 Sep 2026 09:07:46 GMT<br/><a href="https://www.malaymail.com/news/malaysia/2026/09/13/kota-bharu-police-seek-man-seen-kicking-young-girl-in-restaurant-cctv-video/235061">open article</a>]]></description><Point><coordinates>102.3,4,0</coordinates></Point></Placemark>
<Placemark><name>Nepal flood survivor says rescue efforts must continue</name><styleUrl>#Climate</styleUrl><description><![CDATA[SCMP · REG · Sun, 13 Sep 2026 08:56:30 GMT · Climate/extreme<br/><a href="https://www.scmp.com/news/asia/south-asia/article/3367346/nepal-flood-survivor-says-rescue-efforts-must-continue?utm_source=rss_feed">open article</a>]]></description><Point><coordinates>84,28.2,0</coordinates></Point></Placemark>
<Placemark><name>Pertamina tanker rescues 16 after ship sinks in Java Sea</name><styleUrl>#Other</styleUrl><description><![CDATA[ANTR · LOC · Sun, 13 Sep 2026 08:32:48 GMT<br/><a href="https://en.antaranews.com/news/431179/pertamina-tanker-rescues-16-after-ship-sinks-in-java-sea">open article</a>]]></description><Point><coordinates>118,-2.5,0</coordinates></Point></Placemark>
<Placemark><name>Marchers demand mass prosecutions in senate collusion case</name><styleUrl>#Other</styleUrl><description><![CDATA[BKKP · LOC · Sun, 13 Sep 2026 08:29:00 GMT<br/><a href="https://www.bangkokpost.com/thailand/politics/3318903/marchers-demand-mass-prosecutions-in-senate-collusion-case">open article</a>]]></description><Point><coordinates>100.5,13.76,0</coordinates></Point></Placemark>
<Placemark><name>Banjarmasin port sets up emergency post after ship accident</name><styleUrl>#Other</styleUrl><description><![CDATA[ANTR · LOC · Sun, 13 Sep 2026 08:20:04 GMT<br/><a href="https://en.antaranews.com/news/431177/banjarmasin-port-sets-up-emergency-post-after-ship-accident">open article</a>]]></description><Point><coordinates>118,-2.5,0</coordinates></Point></Placemark>
<Placemark><name>Malaysia’s Brics partnership broadens trade ties while keeping ‘middle path’, says J-KOM</name><styleUrl>#Other</styleUrl><description><![CDATA[MMAI · LOC · Sun, 13 Sep 2026 08:17:53 GMT<br/><a href="https://www.malaymail.com/news/malaysia/2026/09/13/malaysias-brics-partnership-broadens-trade-ties-while-keeping-middle-path-says-j-kom/235057">open article</a>]]></description><Point><coordinates>45.03,12.79,0</coordinates></Point></Placemark>
<Placemark><name>Penang PKR rep moots RCI as federal-state revenue debate widens</name><styleUrl>#Other</styleUrl><description><![CDATA[MKIN · LOC · Sun, 13 Sep 2026 08:15:54 GMT<br/><a href="https://www.malaysiakini.com/news/884962-penang-pkr-rep-moots-rci-as-federal-state-revenue-debate-widens">open article</a>]]></description><Point><coordinates>100.33,5.42,0</coordinates></Point></Placemark>
<Placemark><name>In photos: Iran FM holds meetings during BRICS Summit</name><styleUrl>#Other</styleUrl><description><![CDATA[IRNA · REG · Sun, 13 Sep 2026 08:08:53 GMT<br/><a href="https://en.irna.ir/photo/86262442/In-photos-Iran-FM-holds-meetings-during-BRICS-Summit">open article</a>]]></description><Point><coordinates>77.21,28.61,0</coordinates></Point></Placemark>
<Placemark><name>Jakarta focuses on security, mobility for FIFA ASEAN Cup 2026</name><styleUrl>#Other</styleUrl><description><![CDATA[ANTR · LOC · Sun, 13 Sep 2026 08:08:40 GMT<br/><a href="https://en.antaranews.com/news/431176/jakarta-focuses-on-security-mobility-for-fifa-asean-cup-2026">open article</a>]]></description><Point><coordinates>106.85,-6.2,0</coordinates></Point></Placemark>
<Placemark><name>Pezeshkian meets his South African counterpart in India</name><styleUrl>#Other</styleUrl><description><![CDATA[IRNA · REG · Sun, 13 Sep 2026 08:04:53 GMT<br/><a href="https://en.irna.ir/news/86262493/Pezeshkian-meets-his-South-African-counterpart-in-India">open article</a>]]></description><Point><coordinates>51.39,35.69,0</coordinates></Point></Placemark>
<Placemark><name>Iran authorities say 1 killed, 3 injured as merchant vessel struck in Hormuz</name><styleUrl>#Other</styleUrl><description><![CDATA[DAWN · LOC · Sun, 13 Sep 2026 08:00:15 GMT<br/><a href="https://www.dawn.com/news/2029620/iran-authorities-say-1-killed-3-injured-as-merchant-vessel-struck-in-hormuz">open article</a>]]></description><Point><coordinates>51.39,35.69,0</coordinates></Point></Placemark>
<Placemark><name>Bangladesh draws closer to China in ‘political chessboard’ to balance India ties</name><styleUrl>#Other</styleUrl><description><![CDATA[SCMP · REG · Sun, 13 Sep 2026 08:00:13 GMT<br/><a href="https://www.scmp.com/week-asia/politics/article/3367248/bangladesh-draws-closer-china-political-chessboard-balance-india-ties?utm_source=rss_feed">open article</a>]]></description><Point><coordinates>90.41,23.81,0</coordinates></Point></Placemark>
<Placemark><name>Basarnas readies 30 ambulances after ship accident</name><styleUrl>#Conflict</styleUrl><description><![CDATA[ANTR · LOC · Sun, 13 Sep 2026 07:52:30 GMT · Conflict/insurgency<br/><a href="https://en.antaranews.com/news/431175/basarnas-readies-30-ambulances-after-ship-accident">open article</a>]]></description><Point><coordinates>118,-2.5,0</coordinates></Point></Placemark>
<Placemark><name>Surabaya's SAR deploys helicopter, vessel to search for missing ship</name><styleUrl>#Other</styleUrl><description><![CDATA[ANTR · LOC · Sun, 13 Sep 2026 07:40:04 GMT<br/><a href="https://en.antaranews.com/news/431173/surabayas-sar-deploys-helicopter-vessel-to-search-for-missing-ship">open article</a>]]></description><Point><coordinates>118,-2.5,0</coordinates></Point></Placemark>
<Placemark><name>Green GSM Philippines to host its largest-ever driver partner festival, leading the green transition</name><styleUrl>#Other</styleUrl><description><![CDATA[LAOT · LOC · Sun, 13 Sep 2026 07:35:00 GMT<br/><a href="https://laotiantimes.com/2026/09/13/green-gsm-philippines-to-host-its-largest-ever-driver-partner-festival-leading-the-green-transition/">open article</a>]]></description><Point><coordinates>120.98,14.6,0</coordinates></Point></Placemark>
<Placemark><name>President Prabowo attends BRICS meeting with partner countries</name><styleUrl>#Other</styleUrl><description><![CDATA[ANTR · LOC · Sun, 13 Sep 2026 07:29:51 GMT<br/><a href="https://en.antaranews.com/news/431169/president-prabowo-attends-brics-meeting-with-partner-countries">open article</a>]]></description><Point><coordinates>118,-2.5,0</coordinates></Point></Placemark>
<Placemark><name>Rescuers evacuate 103 passengers of missing vessel in Java Sea</name><styleUrl>#Climate</styleUrl><description><![CDATA[ANTR · LOC · Sun, 13 Sep 2026 07:07:15 GMT · Climate/humanitarian<br/><a href="https://en.antaranews.com/news/431168/rescuers-evacuate-103-passengers-of-missing-vessel-in-java-sea">open article</a>]]></description><Point><coordinates>118,-2.5,0</coordinates></Point></Placemark>
<Placemark><name>Ivonescimab Versus Pembrolizumab in First-Line PD-L1-Positive NSCLC: Positive Overall Survival Results from HARMONi-2 Presented at WCLC 2026</name><styleUrl>#Other</styleUrl><description><![CDATA[LAOT · LOC · Sun, 13 Sep 2026 06:59:00 GMT<br/><a href="https://laotiantimes.com/2026/09/13/ivonescimab-versus-pembrolizumab-in-first-line-pd-l1-positive-nsclc-positive-overall-survival-results-from-harmoni-2-presented-at-wclc-2026/">open article</a>]]></description><Point><coordinates>114.17,22.32,0</coordinates></Point></Placemark>
<Placemark><name>Seminary teacher arrested for minor boy’s rape in madressah in Jhang</name><styleUrl>#Other</styleUrl><description><![CDATA[DAWN · LOC · Sun, 13 Sep 2026 06:51:21 GMT<br/><a href="https://www.dawn.com/news/2029480/seminary-teacher-arrested-for-minor-boys-rape-in-madressah-in-jhang">open article</a>]]></description><Point><coordinates>69.3,30.4,0</coordinates></Point></Placemark>
<Placemark><name>Brics summit ends with Xi’s AI offer, Modi’s warning on critical minerals as weapons</name><styleUrl>#Other</styleUrl><description><![CDATA[SCMP · REG · Sun, 13 Sep 2026 06:45:56 GMT<br/><a href="https://www.scmp.com/news/china/diplomacy/article/3367341/chinese-leader-pledges-help-brics-nations-ai-and-smart-manufacturing?utm_source=rss_feed">open article</a>]]></description><Point><coordinates>79.6,22.9,0</coordinates></Point></Placemark>
<Placemark><name>Gaza documentary by Israeli directors wins special prize at Venice</name><styleUrl>#Other</styleUrl><description><![CDATA[DAWN · LOC · Sun, 13 Sep 2026 06:40:43 GMT<br/><a href="https://www.dawn.com/news/2029515/gaza-documentary-by-israeli-directors-wins-special-prize-at-venice">open article</a>]]></description><Point><coordinates>69.3,30.4,0</coordinates></Point></Placemark>
<Placemark><name>Banjarmasin hospital on alert after ferry loses contact</name><styleUrl>#Other</styleUrl><description><![CDATA[ANTR · LOC · Sun, 13 Sep 2026 06:39:43 GMT<br/><a href="https://en.antaranews.com/news/431167/banjarmasin-hospital-on-alert-after-ferry-loses-contact">open article</a>]]></description><Point><coordinates>114,0,0</coordinates></Point></Placemark>
<Placemark><name>Tung Chee-hwa remembered for foresight in developing Hong Kong’s tech sector</name><styleUrl>#Other</styleUrl><description><![CDATA[SCMP · REG · Sun, 13 Sep 2026 06:37:49 GMT<br/><a href="https://www.scmp.com/news/hong-kong/politics/article/3367340/tung-chee-hwa-remembered-foresight-developing-hong-kongs-tech-sector?utm_source=rss_feed">open article</a>]]></description><Point><coordinates>114.17,22.32,0</coordinates></Point></Placemark>
<Placemark><name>PSSI chief urges warm welcome for foreign fans at FIFA ASEAN Cup</name><styleUrl>#Other</styleUrl><description><![CDATA[ANTR · LOC · Sun, 13 Sep 2026 06:34:45 GMT<br/><a href="https://en.antaranews.com/news/431164/pssi-chief-urges-warm-welcome-for-foreign-fans-at-fifa-asean-cup">open article</a>]]></description><Point><coordinates>118,-2.5,0</coordinates></Point></Placemark>
<Placemark><name>Search for journalists focuses on waters south of Anak Krakatau</name><styleUrl>#Other</styleUrl><description><![CDATA[ANTR · LOC · Sun, 13 Sep 2026 06:25:19 GMT<br/><a href="https://en.antaranews.com/news/431163/search-for-journalists-focuses-on-waters-south-of-anak-krakatau">open article</a>]]></description><Point><coordinates>118,-2.5,0</coordinates></Point></Placemark>
<Placemark><name>Iraq vows to prevent attacks on neighboring countries from its soil</name><styleUrl>#Conflict</styleUrl><description><![CDATA[IRNA · REG · Sun, 13 Sep 2026 06:13:49 GMT · Conflict/posture<br/><a href="https://en.irna.ir/news/86262316/Iraq-vows-to-prevent-attacks-on-neighboring-countries-from-its">open article</a>]]></description><Point><coordinates>116.07,5.98,0</coordinates></Point></Placemark>
<Placemark><name>SAR recovers Australian woman's body from Kelingking Beach cliff</name><styleUrl>#Conflict</styleUrl><description><![CDATA[ANTR · LOC · Sun, 13 Sep 2026 06:11:41 GMT · Conflict/insurgency<br/><a href="https://en.antaranews.com/news/431161/sar-recovers-australian-womans-body-from-kelingking-beach-cliff">open article</a>]]></description><Point><coordinates>115.19,-8.4,0</coordinates></Point></Placemark>
<Placemark><name>Hospital apologises for cutting off toddler’s finger</name><styleUrl>#Other</styleUrl><description><![CDATA[BKKP · LOC · Sun, 13 Sep 2026 06:10:00 GMT<br/><a href="https://www.bangkokpost.com/thailand/general/3318880/hospital-apologises-for-cutting-off-toddlers-finger">open article</a>]]></description><Point><coordinates>101,15,0</coordinates></Point></Placemark>
<Placemark><name>Trump says Irish unification would be ‘fantastic’</name><styleUrl>#Other</styleUrl><description><![CDATA[DAWN · LOC · Sun, 13 Sep 2026 06:07:10 GMT<br/><a href="https://www.dawn.com/news/2029521/trump-says-irish-unification-would-be-fantastic">open article</a>]]></description><Point><coordinates>69.3,30.4,0</coordinates></Point></Placemark>
<Placemark><name>SNAPSHOT | PAS rejects Umno's call for snap polls in T'ganu; Fahmi: Nation before emotions</name><styleUrl>#Other</styleUrl><description><![CDATA[MKIN · LOC · Sun, 13 Sep 2026 06:00:11 GMT<br/><a href="https://www.malaysiakini.com/news/884952-snapshot-pas-rejects-umnos-call-for-snap-polls-in-tganu-fahmi-nation-before-emotions">open article</a>]]></description><Point><coordinates>102.3,4,0</coordinates></Point></Placemark>
<Placemark><name>Basarnas launches search for passenger ship carrying 243</name><styleUrl>#Other</styleUrl><description><![CDATA[ANTR · LOC · Sun, 13 Sep 2026 05:51:38 GMT<br/><a href="https://en.antaranews.com/news/431159/basarnas-launches-search-for-passenger-ship-carrying-243">open article</a>]]></description><Point><coordinates>118,-2.5,0</coordinates></Point></Placemark>
<Placemark><name>Indonesia plans�Sheikh Yusuf museum in South Africa from 2027</name><styleUrl>#Other</styleUrl><description><![CDATA[ANTR · LOC · Sun, 13 Sep 2026 05:36:45 GMT<br/><a href="https://en.antaranews.com/news/431156/indonesia-planssheikh-yusuf-museum-in-south-africa-from-2027">open article</a>]]></description><Point><coordinates>118,-2.5,0</coordinates></Point></Placemark>
<Placemark><name>Pakistan calls for unified global framework for digital assets</name><styleUrl>#Conflict</styleUrl><description><![CDATA[DAWN · LOC · Sun, 13 Sep 2026 05:26:14 GMT · Conflict/insurgency<br/><a href="https://www.dawn.com/news/2029579/pakistan-calls-for-unified-global-framework-for-digital-assets">open article</a>]]></description><Point><coordinates>73.06,33.72,0</coordinates></Point></Placemark>
<Placemark><name>Indonesia stages parade to build enthusiasm for FIFA ASEAN Cup</name><styleUrl>#Other</styleUrl><description><![CDATA[ANTR · LOC · Sun, 13 Sep 2026 05:13:13 GMT<br/><a href="https://en.antaranews.com/news/431155/indonesia-stages-parade-to-build-enthusiasm-for-fifa-asean-cup">open article</a>]]></description><Point><coordinates>118,-2.5,0</coordinates></Point></Placemark>
<Placemark><name>Madani 'death clock', PAS love test: Takeaways from Umno AGM</name><styleUrl>#Other</styleUrl><description><![CDATA[MKIN · LOC · Sun, 13 Sep 2026 05:00:34 GMT<br/><a href="https://www.malaysiakini.com/news/884948-madani-death-clock-pas-love-test-takeaways-from-umno-agm">open article</a>]]></description><Point><coordinates>102.3,4,0</coordinates></Point></Placemark>
<Placemark><name>India-Pakistan water row deepens after Hague court ruling</name><styleUrl>#Other</styleUrl><description><![CDATA[SCMP · REG · Sun, 13 Sep 2026 05:00:06 GMT<br/><a href="https://www.scmp.com/week-asia/politics/article/3367223/india-pakistan-water-row-deepens-after-hague-court-ruling?utm_source=rss_feed">open article</a>]]></description><Point><coordinates>77.21,28.61,0</coordinates></Point></Placemark>
<Placemark><name>Mining company's equipment targeted in Panguna arson attack</name><styleUrl>#Other</styleUrl><description><![CDATA[RNZ · REG · Sun, 13 Sep 2026 04:55:43 GMT<br/><a href="https://www.rnz.co.nz/news/pacific/1357056/mining-company-s-equipment-targeted-in-panguna-arson-attack">open article</a>]]></description><Point><coordinates>79.6,22.9,0</coordinates></Point></Placemark>
<Placemark><name>Myanmar regime seeks INTERPOL warrant for UN Ambassador Kyaw Moe Tun</name><styleUrl>#Other</styleUrl><description><![CDATA[DVB · LOC · Sun, 13 Sep 2026 04:39:56 GMT<br/><a href="https://english.dvb.no/myanmar-regime-seeks-interpol-warrant-for-un-ambassador-kyaw-moe-tun/">open article</a>]]></description><Point><coordinates>96.1,21,0</coordinates></Point></Placemark>
<Placemark><name>Indonesia urges greater developing-country role in global governance</name><styleUrl>#Other</styleUrl><description><![CDATA[ANTR · LOC · Sun, 13 Sep 2026 04:20:10 GMT<br/><a href="https://en.antaranews.com/news/431151/indonesia-urges-greater-developing-country-role-in-global-governance">open article</a>]]></description><Point><coordinates>118,-2.5,0</coordinates></Point></Placemark>
<Placemark><name>POV: I'm 19. Here's how S’pore youths get exposed &amp; react to extreme content online.</name><styleUrl>#Other</styleUrl><description><![CDATA[MOTH · LOC · Sun, 13 Sep 2026 04:17:13 GMT<br/><a href="https://mothership.sg/2026/09/singapore-youths-react-extreme-content-online/">open article</a>]]></description><Point><coordinates>103.82,1.35,0</coordinates></Point></Placemark>
<Placemark><name>Annuar hits back at Umno after Tok Mat's sincerity dare</name><styleUrl>#Other</styleUrl><description><![CDATA[MKIN · LOC · Sun, 13 Sep 2026 04:12:12 GMT<br/><a href="https://www.malaysiakini.com/news/884945-annuar-hits-back-at-umno-after-mohamads-sincerity-dare">open article</a>]]></description><Point><coordinates>102.3,4,0</coordinates></Point></Placemark>
<Placemark><name>ICC faces confidence crisis as member states withdraw under US pressure</name><styleUrl>#Other</styleUrl><description><![CDATA[DVB · LOC · Sun, 13 Sep 2026 03:46:39 GMT<br/><a href="https://english.dvb.no/icc-faces-confidence-crisis-as-member-states-withdraw-under-us-pressure/">open article</a>]]></description><Point><coordinates>96.1,21,0</coordinates></Point></Placemark>
<Placemark><name>State Bank in tight spot as inflation rises</name><styleUrl>#Other</styleUrl><description><![CDATA[DAWN · LOC · Sun, 13 Sep 2026 03:43:20 GMT<br/><a href="https://www.dawn.com/news/2029577/state-bank-in-tight-spot-as-inflation-rises">open article</a>]]></description><Point><coordinates>67,24.86,0</coordinates></Point></Placemark>
<Placemark><name>THEi Debuts “Hong Kong’s First Five-Year Plan” Team Badge, designing Ties and Scarves for CE and His Team in “Policy Address” for Second Year</name><styleUrl>#Other</styleUrl><description><![CDATA[LAOT · LOC · Sun, 13 Sep 2026 03:03:00 GMT<br/><a href="https://laotiantimes.com/2026/09/13/thei-debuts-hong-kongs-first-five-year-plan-team-badge-designing-ties-and-scarves-for-ce-and-his-team-in-policy-address-for-second-year/">open article</a>]]></description><Point><coordinates>114.17,22.32,0</coordinates></Point></Placemark>
<Placemark><name>Green forest fire notification in Indonesia</name><styleUrl>#Other</styleUrl><description><![CDATA[GDAC · ALERT · Sun, 13 Sep 2026 03:02:28 GMT<br/><a href="https://www.gdacs.org/report.aspx?eventtype=WF&eventid=1031925">open article</a>]]></description><Point><coordinates>118,-2.5,0</coordinates></Point></Placemark>
<Placemark><name>Posting of seventh health secretary in 18 months raises concerns</name><styleUrl>#Other</styleUrl><description><![CDATA[DAWN · LOC · Sun, 13 Sep 2026 02:57:17 GMT<br/><a href="https://www.dawn.com/news/2029472/posting-of-seventh-health-secretary-in-18-months-raises-concerns">open article</a>]]></description><Point><coordinates>73.06,33.72,0</coordinates></Point></Placemark>
<Placemark><name>PM urges Indian groups to invest in clean energy, infrastructure in Vietnam</name><styleUrl>#Other</styleUrl><description><![CDATA[VNEX · LOC · Sun, 13 Sep 2026 02:29:14 GMT<br/><a href="https://e.vnexpress.net/news/news/politics/pm-urges-indian-groups-to-invest-in-clean-energy-infrastructure-in-vietnam-5119669.html">open article</a>]]></description><Point><coordinates>79.6,22.9,0</coordinates></Point></Placemark>
<Placemark><name>India’s Modi and China’s Xi seek to reset ties on BRICS sidelines</name><styleUrl>#Conflict</styleUrl><description><![CDATA[DVB · LOC · Sun, 13 Sep 2026 02:23:54 GMT · Conflict/posture<br/><a href="https://english.dvb.no/indias-modi-and-chinas-xi-seek-to-reset-ties-on-brics-sidelines/">open article</a>]]></description><Point><coordinates>77.21,28.61,0</coordinates></Point></Placemark>
<Placemark><name>UN General Assembly president gavels open new session aimed at restoring global trust</name><styleUrl>#Other</styleUrl><description><![CDATA[DVB · LOC · Sun, 13 Sep 2026 02:10:03 GMT<br/><a href="https://english.dvb.no/this-is-not-1945-general-assembly-president-gavels-open-new-session-aimed-at-restoring-global-trust/">open article</a>]]></description><Point><coordinates>96.1,21,0</coordinates></Point></Placemark>
<Placemark><name>Singapore Fitness Alliance helping True Fitness, True Yoga employees find jobs</name><styleUrl>#Other</styleUrl><description><![CDATA[CNA · LOC · Sun, 13 Sep 2026 02:03:00 GMT<br/><a href="https://www.channelnewsasia.com/singapore/true-fitness-yoga-singapore-fitness-alliance-staff-jobs-6380976">open article</a>]]></description><Point><coordinates>103.82,1.35,0</coordinates></Point></Placemark>
<Placemark><name>Hyundai Motor Group Accelerates Autonomous Driving Innovation with AI-Powered Data Flywheel</name><styleUrl>#Other</styleUrl><description><![CDATA[LAOT · LOC · Sun, 13 Sep 2026 00:00:00 GMT<br/><a href="https://laotiantimes.com/2026/09/13/hyundai-motor-group-accelerates-autonomous-driving-innovation-with-ai-powered-data-flywheel/">open article</a>]]></description><Point><coordinates>102.5,19.9,0</coordinates></Point></Placemark>
<Placemark><name>Indonesia's Mount Ciremai fire extinguished after burning 46 hectares</name><styleUrl>#Other</styleUrl><description><![CDATA[ANTR · LOC · Sat, 12 Sep 2026 22:56:10 GMT<br/><a href="https://en.antaranews.com/news/431149/indonesias-mount-ciremai-fire-extinguished-after-burning-46-hectares">open article</a>]]></description><Point><coordinates>118,-2.5,0</coordinates></Point></Placemark>
<Placemark><name>Best friends for decades</name><styleUrl>#Other</styleUrl><description><![CDATA[BBC · INT · Sat, 12 Sep 2026 22:00:28 GMT<br/><a href="https://www.bbc.co.uk/news/articles/c5y6z72z9lno?at_medium=RSS&at_campaign=rss">open article</a>]]></description><Point><coordinates>72.88,19.08,0</coordinates></Point></Placemark>
<Placemark><name>Virtual taekwondo makes Asian Games debut with Singapore's Darren Yap in the fight</name><styleUrl>#Other</styleUrl><description><![CDATA[CNA · LOC · Sat, 12 Sep 2026 22:00:00 GMT<br/><a href="https://www.channelnewsasia.com/singapore/virtual-taekwondo-asian-games-2026-darren-yap-6347576">open article</a>]]></description><Point><coordinates>103.82,1.35,0</coordinates></Point></Placemark>
<Placemark><name>Afghan woman deported from US in first use of 'alien terrorist' court</name><styleUrl>#Conflict</styleUrl><description><![CDATA[BBC · INT · Sat, 12 Sep 2026 21:19:11 GMT · Conflict/insurgency<br/><a href="https://www.bbc.co.uk/news/articles/c3eqpd9zgl9o?at_medium=RSS&at_campaign=rss">open article</a>]]></description><Point><coordinates>67.7,33.9,0</coordinates></Point></Placemark>
<Placemark><name>Man, 35, dies in work-related incident at Jurong Port Road construction site</name><styleUrl>#Other</styleUrl><description><![CDATA[MOTH · LOC · Sat, 12 Sep 2026 19:31:08 GMT<br/><a href="https://mothership.sg/2026/09/man-dies-jurong-port/">open article</a>]]></description><Point><coordinates>103.82,1.35,0</coordinates></Point></Placemark>
<Placemark><name>HK man, 36, buys lottery ticket with colleagues, wins S$4.84 million, allegedly refuses to share winnings, gets arrested</name><styleUrl>#Other</styleUrl><description><![CDATA[MOTH · LOC · Sat, 12 Sep 2026 18:22:11 GMT<br/><a href="https://mothership.sg/2026/09/hong-kong-man-arrested-lottery-prize/">open article</a>]]></description><Point><coordinates>103.82,1.35,0</coordinates></Point></Placemark>
<Placemark><name>S'pore True Fitness customer spent S$21,000 on lifetime membership for himself &amp; 2 daughters, did not expect gym to close this abruptly</name><styleUrl>#Other</styleUrl><description><![CDATA[MOTH · LOC · Sat, 12 Sep 2026 17:37:59 GMT<br/><a href="https://mothership.sg/2026/09/true-fitness-true-yoga-lifetime-membership-unused-packages/">open article</a>]]></description><Point><coordinates>103.82,1.35,0</coordinates></Point></Placemark>
<Placemark><name>S'porean man, 48, donated 67% of liver to stranger despite being told night before surgery of increased risk</name><styleUrl>#Other</styleUrl><description><![CDATA[MOTH · LOC · Sat, 12 Sep 2026 16:53:49 GMT<br/><a href="https://mothership.sg/2026/09/singaporean-man-donate-67-liver-to-stranger/">open article</a>]]></description><Point><coordinates>103.82,1.35,0</coordinates></Point></Placemark>
<Placemark><name>BRICS strength must bring tangible benefits: Prabowo</name><styleUrl>#Other</styleUrl><description><![CDATA[ANTR · LOC · Sat, 12 Sep 2026 16:31:49 GMT<br/><a href="https://en.antaranews.com/news/431145/brics-strength-must-bring-tangible-benefits-prabowo">open article</a>]]></description><Point><coordinates>118,-2.5,0</coordinates></Point></Placemark>
<Placemark><name>BRICS declaration aligns with Iran’s key positions: Gharibabadi</name><styleUrl>#Other</styleUrl><description><![CDATA[IRNA · REG · Sat, 12 Sep 2026 16:28:57 GMT<br/><a href="https://en.irna.ir/news/86262089/BRICS-declaration-aligns-with-Iran-s-key-positions-Gharibabadi">open article</a>]]></description><Point><coordinates>77.21,28.61,0</coordinates></Point></Placemark>
<Placemark><name>Kabul renters face fivefold rent increases amid housing squeeze</name><styleUrl>#Other</styleUrl><description><![CDATA[AMU · LOC · Sat, 12 Sep 2026 16:15:05 GMT<br/><a href="https://amu.tv/252199/">open article</a>]]></description><Point><coordinates>69.2,34.55,0</coordinates></Point></Placemark>
<Placemark><name>Afghan medical students return to Lahore dorms after court decision</name><styleUrl>#Other</styleUrl><description><![CDATA[AMU · LOC · Sat, 12 Sep 2026 16:11:05 GMT<br/><a href="https://amu.tv/252197/">open article</a>]]></description><Point><coordinates>74.35,31.55,0</coordinates></Point></Placemark>
<Placemark><name>Last Night, a Star-studded Evening Celebrating Moncler’s Fifth Avenue Flagship Ushered in a New Chapter in the Brand’s Enduring Love Story With New York</name><styleUrl>#Other</styleUrl><description><![CDATA[ANTR · LOC · Sat, 12 Sep 2026 16:00:09 GMT<br/><a href="https://en.antaranews.com/news/431143/last-night-a-star-studded-evening-celebrating-monclers-fifth-avenue-flagship-ushered-in-a-new-chapter-in-the-brands-enduring-love-story-with-new-york">open article</a>]]></description><Point><coordinates>118,-2.5,0</coordinates></Point></Placemark>
<Placemark><name>Toa Payoh coffee shop staff caught stealing S$4,300 from stall, begs owner for forgiveness, runs away the next day</name><styleUrl>#Other</styleUrl><description><![CDATA[MOTH · LOC · Sat, 12 Sep 2026 15:52:45 GMT<br/><a href="https://mothership.sg/2026/09/chef-stole-money-coffee-shop-stall/">open article</a>]]></description><Point><coordinates>103.82,1.35,0</coordinates></Point></Placemark>
<Placemark><name>Indonesia calls for stronger domestic resilience at the 18th BRICS</name><styleUrl>#Other</styleUrl><description><![CDATA[ANTR · LOC · Sat, 12 Sep 2026 15:47:04 GMT<br/><a href="https://en.antaranews.com/news/431140/indonesia-calls-for-stronger-domestic-resilience-at-the-18th-brics">open article</a>]]></description><Point><coordinates>118,-2.5,0</coordinates></Point></Placemark>
<Placemark><name>Indonesia's fishery exports reach US$3 billion in first half of 2026</name><styleUrl>#Other</styleUrl><description><![CDATA[ANTR · LOC · Sat, 12 Sep 2026 15:45:20 GMT<br/><a href="https://en.antaranews.com/news/431136/indonesias-fishery-exports-reach-us3-billion-in-first-half-of-2026">open article</a>]]></description><Point><coordinates>118,-2.5,0</coordinates></Point></Placemark>
<Placemark><name>Indonesia intensifies forest fire response in six priority provinces</name><styleUrl>#Other</styleUrl><description><![CDATA[ANTR · LOC · Sat, 12 Sep 2026 15:10:31 GMT<br/><a href="https://en.antaranews.com/news/431135/indonesia-intensifies-forest-fire-response-in-six-priority-provinces">open article</a>]]></description><Point><coordinates>118,-2.5,0</coordinates></Point></Placemark>
<Placemark><name>Prabowo highlights unity, Bandung spirit at BRICS Summit</name><styleUrl>#Other</styleUrl><description><![CDATA[ANTR · LOC · Sat, 12 Sep 2026 15:09:22 GMT<br/><a href="https://en.antaranews.com/news/431133/prabowo-highlights-unity-bandung-spirit-at-brics-summit">open article</a>]]></description><Point><coordinates>118,-2.5,0</coordinates></Point></Placemark>
<Placemark><name>Former HK actress Margaret Chung, 49, reportedly taken to ICU, thanks fans for concern</name><styleUrl>#Other</styleUrl><description><![CDATA[MOTH · LOC · Sat, 12 Sep 2026 15:09:04 GMT<br/><a href="https://mothership.sg/2026/09/margaret-chung-icu/">open article</a>]]></description><Point><coordinates>103.82,1.35,0</coordinates></Point></Placemark>
<Placemark><name>Iran president and Abu Dhabi crown prince meet in New Delhi</name><styleUrl>#Other</styleUrl><description><![CDATA[IRNA · REG · Sat, 12 Sep 2026 14:56:13 GMT<br/><a href="https://en.irna.ir/news/86262040/Iran-president-and-Abu-Dhabi-crown-prince-meet-in-New-Delhi">open article</a>]]></description><Point><coordinates>77.21,28.61,0</coordinates></Point></Placemark>
<Placemark><name>PM Wong warns economic frustrations can deepen social, racial divisions in Singapore</name><styleUrl>#Other</styleUrl><description><![CDATA[CNA · LOC · Sat, 12 Sep 2026 14:44:00 GMT<br/><a href="https://www.channelnewsasia.com/singapore/economic-frustration-deepen-race-religion-division-lawrence-wong-6380346">open article</a>]]></description><Point><coordinates>103.82,1.35,0</coordinates></Point></Placemark>
<Placemark><name>How burnt coconut helped discover new to science endemic species in Sri Lanka</name><styleUrl>#Other</styleUrl><description><![CDATA[MONG · SPEC · Sat, 12 Sep 2026 14:13:12 GMT<br/><a href="https://news.mongabay.com/2026/09/how-burnt-coconut-helped-discover-new-to-science-endemic-species-in-sri-lanka/">open article</a>]]></description><Point><coordinates>79.85,6.93,0</coordinates></Point></Placemark>
<Placemark><name>Entrepreneur Nguyen Thi Nga conferred Labor Hero, BRG Group and SeABank awarded First-class Labor Medals</name><styleUrl>#Other</styleUrl><description><![CDATA[LAOT · LOC · Sat, 12 Sep 2026 14:10:00 GMT<br/><a href="https://laotiantimes.com/2026/09/12/entrepreneur-nguyen-thi-nga-conferred-labor-hero-brg-group-and-seabank-awarded-first-class-labor-medals/">open article</a>]]></description><Point><coordinates>105.85,21.03,0</coordinates></Point></Placemark>
<Placemark><name>Lao Tilers Compete for Global Standard as JORAKAY Tiler X Season 2 Wraps in Vientiane</name><styleUrl>#Other</styleUrl><description><![CDATA[LAOT · LOC · Sat, 12 Sep 2026 14:09:41 GMT<br/><a href="https://laotiantimes.com/2026/09/12/lao-tilers-compete-for-global-standard-as-jorakay-tiler-x-season-2-wraps-in-vientiane/">open article</a>]]></description><Point><coordinates>102.63,17.97,0</coordinates></Point></Placemark>
<Placemark><name>Green SM officially launches in Palembang, strengthening SUMATRA’s green mobility ecosystem</name><styleUrl>#Other</styleUrl><description><![CDATA[LAOT · LOC · Sat, 12 Sep 2026 13:53:00 GMT<br/><a href="https://laotiantimes.com/2026/09/12/green-sm-officially-launches-in-palembang-strengthening-sumatras-green-mobility-ecosystem/">open article</a>]]></description><Point><coordinates>101.3,-0.6,0</coordinates></Point></Placemark>
<Placemark><name>Xi Jinping gets red carpet at Brics summit amid thaw in India-China relations</name><styleUrl>#Conflict</styleUrl><description><![CDATA[GUAR · INT · Sat, 12 Sep 2026 12:39:12 GMT · Conflict/posture<br/><a href="https://www.theguardian.com/world/2026/sep/12/xi-jinping-brics-summit-delhi-india-china-relations">open article</a>]]></description><Point><coordinates>77.21,28.61,0</coordinates></Point></Placemark>
<Placemark><name>Zahid denies that Anwar was ever his 'teacher'</name><styleUrl>#Other</styleUrl><description><![CDATA[MKIN · LOC · Sat, 12 Sep 2026 12:37:33 GMT<br/><a href="https://www.malaysiakini.com/news/884933-zahid-denies-that-anwar-was-ever-his-teacher">open article</a>]]></description><Point><coordinates>102.3,4,0</coordinates></Point></Placemark>
<Placemark><name>Stanford, MIT lead US ranking of universities offering highest value to students</name><styleUrl>#Other</styleUrl><description><![CDATA[VNEX · LOC · Sat, 12 Sep 2026 12:00:00 GMT<br/><a href="https://e.vnexpress.net/news/news/education/stanford-mit-lead-us-ranking-of-universities-offering-highest-value-to-students-5118701.html">open article</a>]]></description><Point><coordinates>107.8,16,0</coordinates></Point></Placemark>
<Placemark><name>Activist Nan Lin accepts NED 2026 Democracy Award on behalf of Myanmar’s Spring Revolution</name><styleUrl>#Other</styleUrl><description><![CDATA[DVB · LOC · Sat, 12 Sep 2026 11:06:41 GMT<br/><a href="https://english.dvb.no/activist-nan-lin-accepts-ned-2026-democracy-award-on-behalf-of-myanmars-spring-revolution/">open article</a>]]></description><Point><coordinates>96.1,21,0</coordinates></Point></Placemark>
<Placemark><name>Taiwan-Founded Asia Talent Platform Cake Draws 20,000+ Job Seekers as AI and Cross-Border Careers Take Center Stage</name><styleUrl>#Other</styleUrl><description><![CDATA[LAOT · LOC · Sat, 12 Sep 2026 10:02:00 GMT<br/><a href="https://laotiantimes.com/2026/09/12/taiwan-founded-asia-talent-platform-cake-draws-20000-job-seekers-as-ai-and-cross-border-careers-take-center-stage/">open article</a>]]></description><Point><coordinates>121.56,25.03,0</coordinates></Point></Placemark>
<Placemark><name>Asia's wealthiest country among world's top spenders on OnlyFans</name><styleUrl>#Other</styleUrl><description><![CDATA[VNEX · LOC · Sat, 12 Sep 2026 10:00:00 GMT<br/><a href="https://e.vnexpress.net/news/news/asia-s-wealthiest-country-among-world-s-top-spenders-on-onlyfans-5119000.html">open article</a>]]></description><Point><coordinates>103.82,1.35,0</coordinates></Point></Placemark>
<Placemark><name>Is Singapore psychologically prepared for a terror attack?</name><styleUrl>#Conflict</styleUrl><description><![CDATA[CNA · LOC · Sat, 12 Sep 2026 09:08:40 GMT · Conflict/insurgency<br/><a href="https://www.channelnewsasia.com/singapore/sgsecure-terrorism-psychology-isd-mha-home-team-6378676">open article</a>]]></description><Point><coordinates>103.82,1.35,0</coordinates></Point></Placemark>
<Placemark><name>North-South Corridor construction enters its 'most challenging phase': LTA</name><styleUrl>#Other</styleUrl><description><![CDATA[CNA · LOC · Sat, 12 Sep 2026 09:07:00 GMT<br/><a href="https://www.channelnewsasia.com/singapore/north-south-corridor-construction-completion-lta-6372156">open article</a>]]></description><Point><coordinates>103.82,1.35,0</coordinates></Point></Placemark>
<Placemark><name>Southeast Asia's largest airport one of strongest air connectivity improvers in Asia</name><styleUrl>#Other</styleUrl><description><![CDATA[VNEX · LOC · Sat, 12 Sep 2026 09:00:00 GMT<br/><a href="https://e.vnexpress.net/news/news/traffic/southeast-asia-s-largest-airport-one-of-strongest-air-connectivity-improvers-in-asia-5118679.html">open article</a>]]></description><Point><coordinates>101.69,3.14,0</coordinates></Point></Placemark>
<Placemark><name>Sundar Pichai’s IIT batchmate became a monk; what he told Google CEO years later</name><styleUrl>#Other</styleUrl><description><![CDATA[TOI · LOC · Sat, 12 Sep 2026 08:55:05 GMT<br/><a href="https://timesofindia.indiatimes.com/world/us/google-ceo-sundar-pichais-iit-batchmate-became-a-famous-monk-what-he-told-pichai-when-they-met-years-later-you-deal-with-google-which-creates-stress-i-deal-with/articleshow/134118328.cms">open article</a>]]></description><Point><coordinates>45.03,12.79,0</coordinates></Point></Placemark>
<Placemark><name>MGM Shenzhen Prince Bay Grand Opening</name><styleUrl>#Other</styleUrl><description><![CDATA[LAOT · LOC · Sat, 12 Sep 2026 08:27:00 GMT<br/><a href="https://laotiantimes.com/2026/09/12/mgm-shenzhen-prince-bay-grand-opening/">open article</a>]]></description><Point><coordinates>114.17,22.32,0</coordinates></Point></Placemark>
<Placemark><name>20 Team Singapore athletes to compete in nine sports at Asian Para Games in Japan</name><styleUrl>#Other</styleUrl><description><![CDATA[CNA · LOC · Sat, 12 Sep 2026 06:23:00 GMT<br/><a href="https://www.channelnewsasia.com/sport/asian-para-games-team-singapore-athletes-japan-6380066">open article</a>]]></description><Point><coordinates>103.82,1.35,0</coordinates></Point></Placemark>
<Placemark><name>Pham Nhat Vuong And Pham Thu Huong Transition Leadership Roles At VinFast And GSM</name><styleUrl>#Other</styleUrl><description><![CDATA[LAOT · LOC · Sat, 12 Sep 2026 06:05:00 GMT<br/><a href="https://laotiantimes.com/2026/09/12/pham-nhat-vuong-and-pham-thu-huong-transition-leadership-roles-at-vinfast-and-gsm/">open article</a>]]></description><Point><coordinates>105.85,21.03,0</coordinates></Point></Placemark>
<Placemark><name>Chinese nationals face 40 years over kidnapping of Singaporean at Malaysia airport</name><styleUrl>#Other</styleUrl><description><![CDATA[VNEX · LOC · Sat, 12 Sep 2026 05:03:13 GMT<br/><a href="https://e.vnexpress.net/news/news/crime/chinese-nationals-face-40-years-over-kidnapping-of-singaporean-at-malaysia-airport-5119403.html">open article</a>]]></description><Point><coordinates>100.33,5.42,0</coordinates></Point></Placemark>
<Placemark><name>Police warn of rise in unauthorised cryptocurrency account access through compromised emails</name><styleUrl>#Other</styleUrl><description><![CDATA[CNA · LOC · Sat, 12 Sep 2026 05:00:49 GMT<br/><a href="https://www.channelnewsasia.com/singapore/cryptocurrency-unauthorised-access-compromised-emails-data-breach-scams-6380001">open article</a>]]></description><Point><coordinates>103.82,1.35,0</coordinates></Point></Placemark>
<Placemark><name>Death toll from Philippines ferry fire rises to 35, as officials warn toll will grow</name><styleUrl>#Conflict</styleUrl><description><![CDATA[GUAR · INT · Sat, 12 Sep 2026 04:53:10 GMT · Conflict/kinetic<br/><a href="https://www.theguardian.com/world/2026/sep/12/death-toll-from-philippines-ferry-fire-rises-to-35-as-officials-warn-toll-will-grow">open article</a>]]></description><Point><coordinates>121.8,12.9,0</coordinates></Point></Placemark>
<Placemark><name>Festival Of Thrills at RWS includes Halloween Horror Nights, Minions live show, racing experiences and more</name><styleUrl>#Other</styleUrl><description><![CDATA[CNA · LOC · Sat, 12 Sep 2026 04:29:00 GMT<br/><a href="https://www.channelnewsasia.com/entertainment/festival-thrills-resorts-world-sentosa-2026-6379881">open article</a>]]></description><Point><coordinates>103.82,1.35,0</coordinates></Point></Placemark>
<Placemark><name>Vietnam proposes workday swap to create 4-day weekend for Culture Day holiday in November</name><styleUrl>#Other</styleUrl><description><![CDATA[VNEX · LOC · Sat, 12 Sep 2026 04:15:10 GMT<br/><a href="https://e.vnexpress.net/news/news/vietnam-proposes-workday-swap-to-create-4-day-weekend-for-culture-day-holiday-in-november-5119476.html">open article</a>]]></description><Point><coordinates>107.8,16,0</coordinates></Point></Placemark>
<Placemark><name>Hanoi's 100-year vision for its historic heart includes triumphal arch</name><styleUrl>#Other</styleUrl><description><![CDATA[VNEX · LOC · Sat, 12 Sep 2026 04:00:18 GMT<br/><a href="https://e.vnexpress.net/photo/news/hanois-100-year-vision-for-its-historic-heart-includes-triumphal-arch-5119332.html">open article</a>]]></description><Point><coordinates>105.85,21.03,0</coordinates></Point></Placemark>
<Placemark><name>Southeast Asia's first Moutai House opens at Fullerton Waterboat House in October</name><styleUrl>#Other</styleUrl><description><![CDATA[CNA · LOC · Sat, 12 Sep 2026 04:00:06 GMT<br/><a href="https://www.channelnewsasia.com/dining/moutai-house-singapore-fullerton-waterboat-house-6376676">open article</a>]]></description><Point><coordinates>103.82,1.35,0</coordinates></Point></Placemark>
<Placemark><name>AI builds worm that could hijack accounts on China's biggest app with only one unanswered call</name><styleUrl>#Other</styleUrl><description><![CDATA[VNEX · LOC · Sat, 12 Sep 2026 03:59:37 GMT<br/><a href="https://e.vnexpress.net/news/news/ai-builds-worm-that-could-hijack-accounts-on-china-s-biggest-app-with-only-one-unanswered-call-5118943.html">open article</a>]]></description><Point><coordinates>110,32,0</coordinates></Point></Placemark>
<Placemark><name>ECT at the crossroad in Senate selection fraud saga</name><styleUrl>#Other</styleUrl><description><![CDATA[PRAC · LOC · Sat, 12 Sep 2026 03:18:31 GMT<br/><a href="https://prachataienglish.com/node/12036">open article</a>]]></description><Point><coordinates>101,15,0</coordinates></Point></Placemark>
<Placemark><name>60% of Vietnamese students fail to reach basic reading proficiency</name><styleUrl>#Other</styleUrl><description><![CDATA[VNEX · LOC · Sat, 12 Sep 2026 03:02:33 GMT<br/><a href="https://e.vnexpress.net/news/news/education/60-of-vietnamese-students-fail-to-reach-basic-reading-proficiency-5119300.html">open article</a>]]></description><Point><coordinates>107.8,16,0</coordinates></Point></Placemark>
<Placemark><name>Vietnam, France issue joint statement on promoting implementation of comprehensive strategic partnership framework</name><styleUrl>#Other</styleUrl><description><![CDATA[VNEX · LOC · Sat, 12 Sep 2026 02:16:54 GMT<br/><a href="https://e.vnexpress.net/news/news/politics/vietnam-france-issue-joint-statement-on-promoting-implementation-of-comprehensive-strategic-partnership-framework-5119432.html">open article</a>]]></description><Point><coordinates>107.8,16,0</coordinates></Point></Placemark>
<Placemark><name>QIVIKA to Launch Smart Scope on Kickstarter, Bringing a Professional Long-Range Experience to Day-and-Night Exploration</name><styleUrl>#Other</styleUrl><description><![CDATA[LAOT · LOC · Sat, 12 Sep 2026 01:00:00 GMT<br/><a href="https://laotiantimes.com/2026/09/12/qivika-to-launch-smart-scope-on-kickstarter-bringing-a-professional-long-range-experience-to-day-and-night-exploration/">open article</a>]]></description><Point><coordinates>102.5,19.9,0</coordinates></Point></Placemark>
<Placemark><name>War of words between China and Philippines over South China Sea claims</name><styleUrl>#Other</styleUrl><description><![CDATA[DVB · LOC · Sat, 12 Sep 2026 00:50:02 GMT<br/><a href="https://english.dvb.no/war-of-words-between-china-and-philippines-over-south-china-sea-claims/">open article</a>]]></description><Point><coordinates>116.4,39.9,0</coordinates></Point></Placemark>
<Placemark><name>Vietnam may take 7 days off for Lunar New Year in early 2027</name><styleUrl>#Other</styleUrl><description><![CDATA[VNEX · LOC · Sat, 12 Sep 2026 00:37:35 GMT<br/><a href="https://e.vnexpress.net/news/news/vietnam-may-take-7-days-off-for-lunar-new-year-in-early-2027-5119404.html">open article</a>]]></description><Point><coordinates>107.8,16,0</coordinates></Point></Placemark>
<Placemark><name>Ho Chi Minh City braces for more rain after its wettest day of year</name><styleUrl>#Climate</styleUrl><description><![CDATA[VNEX · LOC · Fri, 11 Sep 2026 23:07:46 GMT · Climate/extreme<br/><a href="https://e.vnexpress.net/news/news/environment/ho-chi-minh-city-braces-for-more-rain-after-its-wettest-day-of-year-5119407.html">open article</a>]]></description><Point><coordinates>106.63,10.82,0</coordinates></Point></Placemark>
<Placemark><name>Which Southeast Asian country is home to the world's largest acidic lake?</name><styleUrl>#Other</styleUrl><description><![CDATA[VNEX · LOC · Fri, 11 Sep 2026 23:01:13 GMT<br/><a href="https://e.vnexpress.net/news/news/brainteaser/which-southeast-asian-country-is-home-to-the-world-s-largest-acidic-lake-5118587.html">open article</a>]]></description><Point><coordinates>107.8,16,0</coordinates></Point></Placemark>
<Placemark><name>10 busiest airports in Southeast Asia in September</name><styleUrl>#Other</styleUrl><description><![CDATA[VNEX · LOC · Fri, 11 Sep 2026 23:00:53 GMT<br/><a href="https://e.vnexpress.net/photo/traffic/10-busiest-airports-in-southeast-asia-in-september-5117867.html">open article</a>]]></description><Point><coordinates>105.85,21.03,0</coordinates></Point></Placemark>
<Placemark><name>Green earthquake (Magnitude 6.5M, Depth:372km) in Indonesia 11/09/2026 21:23 UTC, 20 thousand in 100km.</name><styleUrl>#Other</styleUrl><description><![CDATA[GDAC · ALERT · Fri, 11 Sep 2026 21:43:40 GMT<br/><a href="https://www.gdacs.org/report.aspx?eventtype=EQ&eventid=1564809">open article</a>]]></description><Point><coordinates>118,-2.5,0</coordinates></Point></Placemark>
<Placemark><name>USNI News Western Pacific Pulse: Sept. 11, 2026</name><styleUrl>#Conflict</styleUrl><description><![CDATA[USNI · SPEC · Fri, 11 Sep 2026 21:39:18 GMT · Conflict/posture<br/><a href="https://news.usni.org/2026/09/11/usni-news-western-pacific-pulse-sept-11-2026">open article</a>]]></description><Point><coordinates>110,32,0</coordinates></Point></Placemark>
<Placemark><name>The Generation Essential Group’s Receipt of NYSE Letter Regarding Class A Ordinary Shares Trading Price</name><styleUrl>#Other</styleUrl><description><![CDATA[LAOT · LOC · Fri, 11 Sep 2026 20:30:00 GMT<br/><a href="https://laotiantimes.com/2026/09/12/the-generation-essential-groups-receipt-of-nyse-letter-regarding-class-a-ordinary-shares-trading-price/">open article</a>]]></description><Point><coordinates>102.5,19.9,0</coordinates></Point></Placemark>
<Placemark><name>Quantinuum to Participate in the Piper Sandler 5th Annual Growth Frontiers Conference</name><styleUrl>#Other</styleUrl><description><![CDATA[LAOT · LOC · Fri, 11 Sep 2026 20:05:00 GMT<br/><a href="https://laotiantimes.com/2026/09/12/quantinuum-to-participate-in-the-piper-sandler-5th-annual-growth-frontiers-conference/">open article</a>]]></description><Point><coordinates>102.5,19.9,0</coordinates></Point></Placemark>
<Placemark><name>Amu TV 6pm News 11 September 2026</name><styleUrl>#Other</styleUrl><description><![CDATA[AMU · LOC · Fri, 11 Sep 2026 19:55:15 GMT<br/><a href="https://amu.tv/252160/">open article</a>]]></description><Point><coordinates>67.7,33.9,0</coordinates></Point></Placemark>
<Placemark><name>Amu TV 8pm News 11 September 2026</name><styleUrl>#Other</styleUrl><description><![CDATA[AMU · LOC · Fri, 11 Sep 2026 19:48:44 GMT<br/><a href="https://amu.tv/252158/">open article</a>]]></description><Point><coordinates>67.7,33.9,0</coordinates></Point></Placemark>
<Placemark><name>Combat Patrol – Scarborough Shoal</name><styleUrl>#Conflict</styleUrl><description><![CDATA[USNI · SPEC · Fri, 11 Sep 2026 18:47:52 GMT · Conflict/posture<br/><a href="https://news.usni.org/2026/09/11/combat-patrol-scarborough-shoal">open article</a>]]></description><Point><coordinates>117.77,15.15,0</coordinates></Point></Placemark>
<Placemark><name>Buddhist monk arrested in Thailand on suspicion of embezzling $2.8m</name><styleUrl>#Other</styleUrl><description><![CDATA[GUAR · INT · Fri, 11 Sep 2026 15:01:36 GMT<br/><a href="https://www.theguardian.com/world/2026/sep/11/thai-police-arrest-buddhist-abbot-suspicion-embezzling">open article</a>]]></description><Point><coordinates>101,15,0</coordinates></Point></Placemark>
<Placemark><name>India's BRICS strategy tested with Xi, Putin set to visit</name><styleUrl>#Other</styleUrl><description><![CDATA[DW · INT · Fri, 11 Sep 2026 13:31:00 GMT<br/><a href="https://www.dw.com/en/india-s-brics-strategy-tested-with-xi-putin-set-to-visit/a-79231879?maca=en-rss-en-world-4025-rdf">open article</a>]]></description><Point><coordinates>77.21,28.61,0</coordinates></Point></Placemark>
<Placemark><name>The future of terrorism in Afghanistan and Pakistan, 25 years after 9/11</name><styleUrl>#Conflict</styleUrl><description><![CDATA[AMU · LOC · Fri, 11 Sep 2026 13:14:04 GMT · Conflict/insurgency<br/><a href="https://amu.tv/252134/">open article</a>]]></description><Point><coordinates>67.7,33.9,0</coordinates></Point></Placemark>
<Placemark><name>Made in Nigeria: The race to build an African solar industry from scratch</name><styleUrl>#Other</styleUrl><description><![CDATA[CHN · SPEC · Fri, 11 Sep 2026 13:00:00 GMT<br/><a href="https://www.climatechangenews.com/2026/09/11/made-in-nigeria-the-race-to-build-an-african-solar-industry-from-scratch/">open article</a>]]></description><Point><coordinates>110,32,0</coordinates></Point></Placemark>
<Placemark><name>25 years after 9/11, Afghan woman lives with injury that ended her dream</name><styleUrl>#Other</styleUrl><description><![CDATA[AMU · LOC · Fri, 11 Sep 2026 12:40:47 GMT<br/><a href="https://amu.tv/252125/">open article</a>]]></description><Point><coordinates>67.7,33.9,0</coordinates></Point></Placemark>
<Placemark><name>Green earthquake (Magnitude 5.9M, Depth:111.763km) in Indonesia 11/09/2026 11:56 UTC, 10 thousand in MMI IV.</name><styleUrl>#Other</styleUrl><description><![CDATA[GDAC · ALERT · Fri, 11 Sep 2026 12:12:21 GMT<br/><a href="https://www.gdacs.org/report.aspx?eventtype=EQ&eventid=1564759">open article</a>]]></description><Point><coordinates>118,-2.5,0</coordinates></Point></Placemark>
<Placemark><name>Afghanistan’s post-9/11 generation sees opportunities fade, dreams left unfinished</name><styleUrl>#Other</styleUrl><description><![CDATA[AMU · LOC · Fri, 11 Sep 2026 11:30:45 GMT<br/><a href="https://amu.tv/252115/">open article</a>]]></description><Point><coordinates>67.7,33.9,0</coordinates></Point></Placemark>
<Placemark><name>Cambodia Hosts Myanmar Leader, Downplays Criticism, Citing ASEAN Non-Interference Principle</name><styleUrl>#Other</styleUrl><description><![CDATA[CBJA · LOC · Fri, 11 Sep 2026 11:16:41 GMT<br/><a href="https://cambojanews.com/cambodia-hosts-myanmar-leader-downplays-criticism-citing-asean-non-interference-principle/">open article</a>]]></description><Point><coordinates>96.1,21,0</coordinates></Point></Placemark>
<Placemark><name>MAURIC to Design Riverine Patrol Vessels for the Bangladesh Coast Guards</name><styleUrl>#Conflict</styleUrl><description><![CDATA[NAVN · SPEC · Fri, 11 Sep 2026 09:57:44 GMT · Conflict/maritime<br/><a href="https://www.navalnews.com/naval-news/2026/09/mauric-to-design-riverine-patrol-vessels-for-the-bangladesh-coast-guards/">open article</a>]]></description><Point><coordinates>90.4,23.7,0</coordinates></Point></Placemark>
<Placemark><name>Cartoon by Stephff: Sondhi is back</name><styleUrl>#Other</styleUrl><description><![CDATA[PRAC · LOC · Fri, 11 Sep 2026 09:42:38 GMT<br/><a href="https://prachataienglish.com/node/12035">open article</a>]]></description><Point><coordinates>101,15,0</coordinates></Point></Placemark>
<Placemark><name>Poland blocks sale of 250 tonnes of contaminated Myanmar rice</name><styleUrl>#Other</styleUrl><description><![CDATA[MNOW · LOC · Fri, 11 Sep 2026 09:40:07 GMT<br/><a href="https://myanmar-now.org/en/news/poland-blocks-sale-of-250-tonnes-of-contaminated-myanmar-rice/">open article</a>]]></description><Point><coordinates>96.1,21,0</coordinates></Point></Placemark>
<Placemark><name>Max Thieriot turned 90-acre Sonoma ranch into vineyard, farm and retreat</name><styleUrl>#Other</styleUrl><description><![CDATA[TOI · LOC · Fri, 11 Sep 2026 09:00:00 GMT<br/><a href="https://timesofindia.indiatimes.com/real-estate/news/in-2013-actor-max-thieriot-bought-a-roughly-90-acre-sonoma-ranch-more-than-a-decade-later-this-hollywood-retreat-has-grown-into-a-working-vineyard-farm-and-family-retreat-producing-its-own-wine-and-food/articleshow/134051585.cms">open article</a>]]></description><Point><coordinates>79.6,22.9,0</coordinates></Point></Placemark>
<Placemark><name>Myanmar resistance drones strike junta airbase near Mandalay airport</name><styleUrl>#Conflict</styleUrl><description><![CDATA[MNOW · LOC · Fri, 11 Sep 2026 08:48:21 GMT · Conflict/insurgency<br/><a href="https://myanmar-now.org/en/news/myanmar-resistance-drones-strike-junta-airbase-near-mandalay-airport/">open article</a>]]></description><Point><coordinates>96.1,21,0</coordinates></Point></Placemark>
<Placemark><name>Ho Chi Minh City shuts its biggest underpass over flooding, backing traffic up 2 km</name><styleUrl>#Climate</styleUrl><description><![CDATA[VNEX · LOC · Fri, 11 Sep 2026 08:32:43 GMT · Climate/extreme<br/><a href="https://e.vnexpress.net/photo/traffic/ho-chi-minh-city-shuts-its-biggest-underpass-over-flooding-backing-traffic-up-2-km-5119241.html">open article</a>]]></description><Point><coordinates>106.63,10.82,0</coordinates></Point></Placemark>
<Placemark><name>Vietnam's top leader To Lam receives France's highest honor in Paris ceremony</name><styleUrl>#Other</styleUrl><description><![CDATA[VNEX · LOC · Fri, 11 Sep 2026 06:59:37 GMT<br/><a href="https://e.vnexpress.net/news/news/politics/vietnam-s-top-leader-to-lam-receives-france-s-highest-honor-in-paris-ceremony-5119203.html">open article</a>]]></description><Point><coordinates>107.8,16,0</coordinates></Point></Placemark>
<Placemark><name>Traffic cop fired for committing 22 road offenses</name><styleUrl>#Other</styleUrl><description><![CDATA[VNEX · LOC · Fri, 11 Sep 2026 06:33:19 GMT<br/><a href="https://e.vnexpress.net/news/news/traffic/traffic-cop-fired-for-committing-22-road-offenses-5118884.html">open article</a>]]></description><Point><coordinates>107.8,16,0</coordinates></Point></Placemark>
<Placemark><name>Chinese student jailed for creating 1,141 deepfakes of women in his lab</name><styleUrl>#Other</styleUrl><description><![CDATA[VNEX · LOC · Fri, 11 Sep 2026 06:32:06 GMT<br/><a href="https://e.vnexpress.net/news/news/chinese-student-jailed-for-creating-1-141-deepfakes-of-women-in-his-lab-5118996.html">open article</a>]]></description><Point><coordinates>110,32,0</coordinates></Point></Placemark>
<Placemark><name>Local Governance Process Rife with Setbacks for Citizens, CSOs Say</name><styleUrl>#Other</styleUrl><description><![CDATA[CBJA · LOC · Fri, 11 Sep 2026 02:39:55 GMT<br/><a href="https://cambojanews.com/local-governance-process-rife-with-setbacks-for-citizens-csos-say/">open article</a>]]></description><Point><coordinates>104.9,12.5,0</coordinates></Point></Placemark>
<Placemark><name>Fake Nike and Adidas shoes shipped from Vietnam tourist town to Russia</name><styleUrl>#Other</styleUrl><description><![CDATA[VNEX · LOC · Fri, 11 Sep 2026 02:00:00 GMT<br/><a href="https://e.vnexpress.net/news/news/fake-nike-and-adidas-shoes-shipped-from-vietnam-tourist-town-to-russia-5118129.html">open article</a>]]></description><Point><coordinates>107.8,16,0</coordinates></Point></Placemark>
<Placemark><name>Javan rhinos survive eruption in Indonesia, but single habitat leaves species vulnerable</name><styleUrl>#Other</styleUrl><description><![CDATA[MONG · SPEC · Fri, 11 Sep 2026 01:33:57 GMT<br/><a href="https://news.mongabay.com/2026/09/javan-rhinos-survive-eruption-in-indonesia-but-single-habitat-leaves-species-vulnerable/">open article</a>]]></description><Point><coordinates>118,-2.5,0</coordinates></Point></Placemark>
<Placemark><name>16 countries, territories join international fire safety exhibition in Hanoi</name><styleUrl>#Other</styleUrl><description><![CDATA[VNEX · LOC · Fri, 11 Sep 2026 00:39:43 GMT<br/><a href="https://e.vnexpress.net/news/news/16-countries-territories-join-international-fire-safety-exhibition-in-hanoi-5118752.html">open article</a>]]></description><Point><coordinates>105.85,21.03,0</coordinates></Point></Placemark>
<Placemark><name>Japan deploys equipment to Indonesia’s Borneo to help fight wildfires causing toxic haze</name><styleUrl>#Nexus</styleUrl><description><![CDATA[MONG · SPEC · Thu, 10 Sep 2026 18:47:51 GMT · Conflict/posture · NEXUS<br/><a href="https://news.mongabay.com/short-article/2026/09/japan-deploys-equipment-to-indonesias-borneo-to-help-fight-wildfires-causing-toxic-haze/">open article</a>]]></description><Point><coordinates>118,-2.5,0</coordinates></Point></Placemark>
<Placemark><name>‘Forgotten fauna’: Little known river sharks and rays face increased extinction risk</name><styleUrl>#Other</styleUrl><description><![CDATA[MONG · SPEC · Thu, 10 Sep 2026 15:48:31 GMT<br/><a href="https://news.mongabay.com/2026/09/forgotten-fauna-little-known-river-sharks-and-rays-face-increased-extinction-risk/">open article</a>]]></description><Point><coordinates>65,15,0</coordinates></Point></Placemark>
<Placemark><name>Ministry Warns Navatra Family Over Posts on Frozen Assets</name><styleUrl>#Other</styleUrl><description><![CDATA[CBJA · LOC · Thu, 10 Sep 2026 14:39:37 GMT<br/><a href="https://cambojanews.com/ministry-warns-navatra-family-over-posts-on-frozen-assets/">open article</a>]]></description><Point><coordinates>104.9,12.5,0</coordinates></Point></Placemark>
<Placemark><name>Children’s health at risk in south Borneo as El Niño intensifies Indonesia wildfires</name><styleUrl>#Climate</styleUrl><description><![CDATA[MONG · SPEC · Thu, 10 Sep 2026 13:22:51 GMT · Climate/extreme<br/><a href="https://news.mongabay.com/2026/09/childrens-health-at-risk-in-south-borneo-as-el-nino-intensifies-indonesia-wildfires/">open article</a>]]></description><Point><coordinates>118,-2.5,0</coordinates></Point></Placemark>
<Placemark><name>Thailand's King Rama X and Queen Suthida to make state visit to Vietnam</name><styleUrl>#Other</styleUrl><description><![CDATA[VNEX · LOC · Thu, 10 Sep 2026 13:02:00 GMT<br/><a href="https://e.vnexpress.net/news/news/politics/thailand-s-king-rama-x-and-queen-suthida-to-make-state-visit-to-vietnam-5118848.html">open article</a>]]></description><Point><coordinates>101,15,0</coordinates></Point></Placemark>
<Placemark><name>Waist-deep water swamps Ho Chi Minh City streets at evening rush hour</name><styleUrl>#Climate</styleUrl><description><![CDATA[VNEX · LOC · Thu, 10 Sep 2026 12:42:31 GMT · Climate/extreme<br/><a href="https://e.vnexpress.net/photo/traffic/waist-deep-water-swamps-ho-chi-minh-city-streets-at-evening-rush-hour-5118939.html">open article</a>]]></description><Point><coordinates>106.63,10.82,0</coordinates></Point></Placemark>
<Placemark><name>Myanmar military, MNDAA move to strengthen positions amid rising tensions</name><styleUrl>#Conflict</styleUrl><description><![CDATA[MNOW · LOC · Thu, 10 Sep 2026 11:48:31 GMT · Conflict/posture<br/><a href="https://myanmar-now.org/en/news/myanmar-military-mndaa-move-to-strengthen-positions-amid-rising-tensions/">open article</a>]]></description><Point><coordinates>96.1,21,0</coordinates></Point></Placemark>
<Placemark><name>‘Our forefathers are coming back’: Naga people celebrate after Oxford museum agrees to return remains</name><styleUrl>#Other</styleUrl><description><![CDATA[GUAR · INT · Thu, 10 Sep 2026 11:00:22 GMT<br/><a href="https://www.theguardian.com/global-development/2026/sep/10/nagaland-colonialism-ethnography-ethics-oxford-pitt-rivers-museum-return-human-remains">open article</a>]]></description><Point><coordinates>79.6,22.9,0</coordinates></Point></Placemark>
<Placemark><name>Live newborn rat found in Hong Kong takeaway noodles, restaurant prosecuted</name><styleUrl>#Other</styleUrl><description><![CDATA[VNEX · LOC · Thu, 10 Sep 2026 11:00:00 GMT<br/><a href="https://e.vnexpress.net/news/news/live-newborn-rat-found-in-hong-kong-takeaway-noodles-restaurant-prosecuted-5118586.html">open article</a>]]></description><Point><coordinates>114.17,22.32,0</coordinates></Point></Placemark>
<Placemark><name>Five killed in Myanmar junta airstrikes in retaliation for attack by PDF forces</name><styleUrl>#Nexus</styleUrl><description><![CDATA[MNOW · LOC · Thu, 10 Sep 2026 09:52:59 GMT · Conflict/kinetic · NEXUS<br/><a href="https://myanmar-now.org/en/news/five-killed-in-myanmar-junta-airstrikes-in-retaliation-for-attack-by-pdf-forces/">open article</a>]]></description><Point><coordinates>96.1,21,0</coordinates></Point></Placemark>
<Placemark><name>China Now Commits Full Funding for Funan Techo Canal in $1B Loan</name><styleUrl>#Other</styleUrl><description><![CDATA[CBJA · LOC · Thu, 10 Sep 2026 09:43:01 GMT<br/><a href="https://cambojanews.com/china-now-commits-full-funding-for-funan-techo-canal-in-1b-loan/">open article</a>]]></description><Point><coordinates>104.9,12.5,0</coordinates></Point></Placemark>
<Placemark><name>He Helped Build Powerful AI at OpenAI and Anthropic. Now He’s Afraid It Could Kill Us</name><styleUrl>#Other</styleUrl><description><![CDATA[BHUT · LOC · Thu, 10 Sep 2026 09:10:22 GMT<br/><a href="https://thebhutanese.bt/he-helped-build-powerful-ai-at-openai-and-anthropic-now-hes-afraid-it-could-kill-us/">open article</a>]]></description><Point><coordinates>90.5,27.5,0</coordinates></Point></Placemark>
<Placemark><name>Vietnamese workers spend 4.5 months of wages to secure jobs abroad</name><styleUrl>#Other</styleUrl><description><![CDATA[VNEX · LOC · Thu, 10 Sep 2026 07:00:00 GMT<br/><a href="https://e.vnexpress.net/news/news/vietnamese-workers-spend-4-5-months-of-wages-to-secure-jobs-abroad-5118121.html">open article</a>]]></description><Point><coordinates>107.8,16,0</coordinates></Point></Placemark>
<Placemark><name>Nevesbu Unveils SIGMA 9113 Corvette Refurbishment Concept for Indonesia</name><styleUrl>#Conflict</styleUrl><description><![CDATA[NAVN · SPEC · Thu, 10 Sep 2026 06:46:11 GMT · Conflict/posture<br/><a href="https://www.navalnews.com/naval-news/2026/09/nevesbu-unveils-sigma-9113-corvette-refurbishment-concept-for-indonesia/">open article</a>]]></description><Point><coordinates>118,-2.5,0</coordinates></Point></Placemark>
<Placemark><name>What business leaders invest in to stay ahead</name><styleUrl>#Other</styleUrl><description><![CDATA[VNEX · LOC · Thu, 10 Sep 2026 06:00:00 GMT<br/><a href="https://e.vnexpress.net/news/news/what-business-leaders-invest-in-to-stay-ahead-5118694.html">open article</a>]]></description><Point><coordinates>107.8,16,0</coordinates></Point></Placemark>
<Placemark><name>Myanmar tin mega-mine restarts operations: think tank</name><styleUrl>#Other</styleUrl><description><![CDATA[MNOW · LOC · Thu, 10 Sep 2026 05:28:00 GMT<br/><a href="https://myanmar-now.org/en/news/myanmar-tin-mega-mine-restarts-operations-think-tank/">open article</a>]]></description><Point><coordinates>96.1,21,0</coordinates></Point></Placemark>
<Placemark><name>One of world's best school systems is among its heaviest AI users, PISA finds</name><styleUrl>#Other</styleUrl><description><![CDATA[VNEX · LOC · Thu, 10 Sep 2026 04:06:10 GMT<br/><a href="https://e.vnexpress.net/news/news/education/one-of-world-s-best-school-systems-is-among-its-heaviest-ai-users-pisa-finds-5118127.html">open article</a>]]></description><Point><coordinates>103.82,1.35,0</coordinates></Point></Placemark>
<Placemark><name>Singapore's Sembcorp gets 4.5 ha in Ho Chi Minh City for $480M data center</name><styleUrl>#Other</styleUrl><description><![CDATA[VNEX · LOC · Thu, 10 Sep 2026 04:05:41 GMT<br/><a href="https://e.vnexpress.net/news/news/singapore-s-sembcorp-gets-4-5-ha-in-ho-chi-minh-city-for-480m-data-center-5118585.html">open article</a>]]></description><Point><coordinates>106.63,10.82,0</coordinates></Point></Placemark>
<Placemark><name>Cambodia, Thailand Head to UN Talks on Maritime Border</name><styleUrl>#Other</styleUrl><description><![CDATA[CBJA · LOC · Thu, 10 Sep 2026 03:34:47 GMT<br/><a href="https://cambojanews.com/cambodia-thailand-head-to-un-talks-on-maritime-border/">open article</a>]]></description><Point><coordinates>101,15,0</coordinates></Point></Placemark>
<Placemark><name>Foreign minister: Nepal needs “meaningful” international support to face climate threats</name><styleUrl>#Climate</styleUrl><description><![CDATA[CHN · SPEC · Wed, 09 Sep 2026 21:00:00 GMT · Climate/extreme<br/><a href="https://www.climatechangenews.com/2026/09/09/foreign-minister-nepal-meaningful-international-support-climate-flood-glacier/">open article</a>]]></description><Point><coordinates>84,28.6,0</coordinates></Point></Placemark>
<Placemark><name>Nepal’s high-altitude wildernesses &amp; wildlife are increasingly under threat (commentary)</name><styleUrl>#Climate</styleUrl><description><![CDATA[MONG · SPEC · Wed, 09 Sep 2026 19:49:22 GMT · Climate/humanitarian<br/><a href="https://news.mongabay.com/2026/09/nepals-high-altitude-wildernesses-wildlife-are-increasingly-under-threat-commentary/">open article</a>]]></description><Point><coordinates>84,28.6,0</coordinates></Point></Placemark>
<Placemark><name>Kashmir’s water bodies have declined for decades. Is conservation keeping pace?</name><styleUrl>#Other</styleUrl><description><![CDATA[MONG · SPEC · Wed, 09 Sep 2026 17:58:32 GMT<br/><a href="https://news.mongabay.com/2026/09/kashmirs-water-bodies-have-declined-for-decades-is-conservation-keeping-pace/">open article</a>]]></description><Point><coordinates>76,34,0</coordinates></Point></Placemark>
<Placemark><name>Flood-ravaged Nepal calls for climate justice</name><styleUrl>#Climate</styleUrl><description><![CDATA[UN · INT · Wed, 09 Sep 2026 12:00:00 GMT · Climate/extreme<br/><a href="https://news.un.org/feed/view/en/story/2026/09/1168305">open article</a>]]></description><Point><coordinates>84,28.2,0</coordinates></Point></Placemark>
<Placemark><name>Plight of Afghans going ‘from bad to worse’, but the world is looking away: Türk</name><styleUrl>#Other</styleUrl><description><![CDATA[UN · INT · Wed, 09 Sep 2026 12:00:00 GMT<br/><a href="https://news.un.org/feed/view/en/story/2026/09/1168303">open article</a>]]></description><Point><coordinates>67.7,33.9,0</coordinates></Point></Placemark>
<Placemark><name>H&amp;M says Myanmar exit from garment factory follows responsible withdrawal policy</name><styleUrl>#Other</styleUrl><description><![CDATA[MNOW · LOC · Wed, 09 Sep 2026 10:05:05 GMT<br/><a href="https://myanmar-now.org/en/news/hm-says-myanmar-exit-from-garment-factory-follows-responsible-withdrawal-policy/">open article</a>]]></description><Point><coordinates>96.1,21,0</coordinates></Point></Placemark>
<Placemark><name>Myanmar military kills 7 in airstrike on Sagaing car workshop</name><styleUrl>#Conflict</styleUrl><description><![CDATA[MNOW · LOC · Wed, 09 Sep 2026 09:29:21 GMT · Conflict/kinetic<br/><a href="https://myanmar-now.org/en/news/myanmar-military-kills-7-in-airstrike-on-sagaing-car-workshop/">open article</a>]]></description><Point><coordinates>95.98,21.88,0</coordinates></Point></Placemark>
<Placemark><name>Land Management Ministry Freezes Tycoon’s Assets Over Stalled Borey Project</name><styleUrl>#Other</styleUrl><description><![CDATA[CBJA · LOC · Wed, 09 Sep 2026 08:48:12 GMT<br/><a href="https://cambojanews.com/land-management-ministry-freezes-tycoons-assets-over-stalled-borey-project/">open article</a>]]></description><Point><coordinates>104.9,12.5,0</coordinates></Point></Placemark>
<Placemark><name>Across a border and into a war: A Karenni leader’s final journey</name><styleUrl>#Conflict</styleUrl><description><![CDATA[MNOW · LOC · Wed, 09 Sep 2026 08:25:11 GMT · Conflict/posture<br/><a href="https://myanmar-now.org/en/news/across-a-border-and-into-a-war-a-karenni-leaders-final-journey/">open article</a>]]></description><Point><coordinates>96.1,21,0</coordinates></Point></Placemark>
<Placemark><name>Marines Help Philippine Armed Forces Develop Strike Plans for BrahMos Anti-Ship Missile</name><styleUrl>#Conflict</styleUrl><description><![CDATA[USNI · SPEC · Tue, 08 Sep 2026 19:13:31 GMT · Conflict/posture<br/><a href="https://news.usni.org/2026/09/08/marines-help-philippine-armed-forces-develop-strike-plans-for-brahmos-anti-ship-missile">open article</a>]]></description><Point><coordinates>120.98,14.6,0</coordinates></Point></Placemark>
<Placemark><name>China’s industrial engine starts to break its fossil fuel habit</name><styleUrl>#Other</styleUrl><description><![CDATA[CHN · SPEC · Tue, 08 Sep 2026 15:30:15 GMT<br/><a href="https://www.climatechangenews.com/2026/09/08/chinas-industrial-engine-starts-to-break-its-fossil-fuel-habit/">open article</a>]]></description><Point><coordinates>110,32,0</coordinates></Point></Placemark>
<Placemark><name>Sar Sokha: ‘Monitor Drug Dealers Like How You Monitor Activists’</name><styleUrl>#Other</styleUrl><description><![CDATA[CBJA · LOC · Tue, 08 Sep 2026 12:54:12 GMT<br/><a href="https://cambojanews.com/sar-sokha-monitor-drug-dealers-like-how-you-monitor-activists/">open article</a>]]></description><Point><coordinates>104.9,12.5,0</coordinates></Point></Placemark>
<Placemark><name>Severe Funding Irregularities Found in Other Provinces After Kampong Chhnang Scandal</name><styleUrl>#Other</styleUrl><description><![CDATA[CBJA · LOC · Tue, 08 Sep 2026 12:05:59 GMT<br/><a href="https://cambojanews.com/severe-funding-irregularities-found-in-other-provinces-after-kampong-chhnang-scandal/">open article</a>]]></description><Point><coordinates>104.9,12.5,0</coordinates></Point></Placemark>
<Placemark><name>Military proxy USDP gains two more seats after opposition MPs removed</name><styleUrl>#Conflict</styleUrl><description><![CDATA[MNOW · LOC · Tue, 08 Sep 2026 11:28:55 GMT · Conflict/posture<br/><a href="https://myanmar-now.org/en/news/military-proxy-usdp-gains-two-more-seats-after-opposition-mps-removed/">open article</a>]]></description><Point><coordinates>96.1,21,0</coordinates></Point></Placemark>
<Placemark><name>Buddhist monk, child among four killed in Myanmar military drone attacks</name><styleUrl>#Conflict</styleUrl><description><![CDATA[MNOW · LOC · Tue, 08 Sep 2026 11:24:09 GMT · Conflict/kinetic<br/><a href="https://myanmar-now.org/en/news/buddhist-monk-child-among-four-killed-in-myanmar-military-drone-attacks/">open article</a>]]></description><Point><coordinates>96.1,21,0</coordinates></Point></Placemark>
<Placemark><name>Strong Call for Activist Thy Thorn’s Immediate Release After Court’s 7-year Sentence</name><styleUrl>#Other</styleUrl><description><![CDATA[CBJA · LOC · Tue, 08 Sep 2026 10:25:25 GMT<br/><a href="https://cambojanews.com/strong-call-for-activist-thy-thorns-immediate-release-after-courts-7-year-sentence/">open article</a>]]></description><Point><coordinates>104.9,12.5,0</coordinates></Point></Placemark>
<Placemark><name>‘Trust deficit’: Why India’s economic data has sparked a furore</name><styleUrl>#Other</styleUrl><description><![CDATA[GUAR · INT · Tue, 08 Sep 2026 06:30:29 GMT<br/><a href="https://www.theguardian.com/world/2026/sep/07/why-indias-economic-data-faces-a-trust-deficit">open article</a>]]></description><Point><coordinates>79.6,22.9,0</coordinates></Point></Placemark>
<Placemark><name>Nepal says big polluters must ‘wake up’ as it calls for climate compensation over flood disaster</name><styleUrl>#Climate</styleUrl><description><![CDATA[GUAR · INT · Tue, 08 Sep 2026 00:58:09 GMT · Climate/extreme<br/><a href="https://www.theguardian.com/world/2026/sep/08/nepal-floods-climate-compensation">open article</a>]]></description><Point><coordinates>84,28.2,0</coordinates></Point></Placemark>
<Placemark><name>Thai student movement forms ‘Hope Theatre,’ making the stage its new battleground</name><styleUrl>#Other</styleUrl><description><![CDATA[PRAC · LOC · Mon, 07 Sep 2026 07:53:28 GMT<br/><a href="https://prachataienglish.com/node/12034">open article</a>]]></description><Point><coordinates>101,15,0</coordinates></Point></Placemark>
<Placemark><name>India's data center boom creates new engine for renewable energy</name><styleUrl>#Other</styleUrl><description><![CDATA[NIKK · REG · <br/><a href="https://asia.nikkei.com/business/energy/india-s-data-center-boom-creates-new-engine-for-renewable-energy">open article</a>]]></description><Point><coordinates>79.6,22.9,0</coordinates></Point></Placemark>
<Placemark><name>Historic southern Philippines assembly election tests stability, self-rule</name><styleUrl>#Other</styleUrl><description><![CDATA[NIKK · REG · <br/><a href="https://asia.nikkei.com/politics/historic-southern-philippines-assembly-election-tests-stability-self-rule2">open article</a>]]></description><Point><coordinates>121.8,12.9,0</coordinates></Point></Placemark>
<Placemark><name>BOJ meeting, Semicon India, Hong Kong's first five-year plan</name><styleUrl>#Other</styleUrl><description><![CDATA[NIKK · REG · <br/><a href="https://asia.nikkei.com/spotlight/your-week-in-asia/boj-meeting-semicon-india-hong-kong-s-first-five-year-plan">open article</a>]]></description><Point><coordinates>114.17,22.32,0</coordinates></Point></Placemark>
<Placemark><name>Modi and Xi agree to look beyond 'differences' at New Delhi talks</name><styleUrl>#Other</styleUrl><description><![CDATA[NIKK · REG · <br/><a href="https://asia.nikkei.com/politics/international-relations/modi-and-xi-agree-to-look-beyond-differences-at-new-delhi-talks">open article</a>]]></description><Point><coordinates>77.21,28.61,0</coordinates></Point></Placemark>
<Placemark><name>Footloose in Kandy: Lingering in Sri Lanka's sacred city</name><styleUrl>#Other</styleUrl><description><![CDATA[NIKK · REG · <br/><a href="https://asia.nikkei.com/life-arts/life/destinations/footloose-in-kandy-lingering-in-sri-lanka-s-sacred-city">open article</a>]]></description><Point><coordinates>80.7,7.9,0</coordinates></Point></Placemark>
<Placemark><name>Japan's Nidec to exit Cambodia production over Thailand border conflict</name><styleUrl>#Other</styleUrl><description><![CDATA[NIKK · REG · <br/><a href="https://asia.nikkei.com/politics/international-relations/thailand-cambodia-conflict/japan-s-nidec-to-exit-cambodia-production-over-thailand-border-conflict">open article</a>]]></description><Point><coordinates>101,15,0</coordinates></Point></Placemark>
<Placemark><name>Vietnam's richest man Pham Nhat Vuong turns businesses over to sons</name><styleUrl>#Other</styleUrl><description><![CDATA[NIKK · REG · <br/><a href="https://asia.nikkei.com/business/automobiles/electric-vehicles/vietnam-s-richest-man-pham-nhat-vuong-turns-businesses-over-to-sons">open article</a>]]></description><Point><coordinates>107.8,16,0</coordinates></Point></Placemark>
<Placemark><name>New $11bn canal underscores China's turn toward Southeast Asia</name><styleUrl>#Other</styleUrl><description><![CDATA[NIKK · REG · <br/><a href="https://asia.nikkei.com/spotlight/big-in-asia/new-11bn-canal-underscores-china-s-turn-toward-southeast-asia">open article</a>]]></description><Point><coordinates>110,32,0</coordinates></Point></Placemark>
<Placemark><name>Vietnam sets December 2027 for north-south bullet train construction start</name><styleUrl>#Other</styleUrl><description><![CDATA[NIKK · REG · <br/><a href="https://asia.nikkei.com/business/transportation/vietnam-sets-december-2027-for-north-south-bullet-train-construction-start">open article</a>]]></description><Point><coordinates>107.8,16,0</coordinates></Point></Placemark>
<Placemark><name>Indonesian coal miners accelerate diversification as volatility rises</name><styleUrl>#Other</styleUrl><description><![CDATA[NIKK · REG · <br/><a href="https://asia.nikkei.com/business/markets/commodities/indonesian-coal-miners-accelerate-diversification-as-volatility-rises">open article</a>]]></description><Point><coordinates>118,-2.5,0</coordinates></Point></Placemark>
<Placemark><name>Indonesian ministers at odds over mass bank account opening plan</name><styleUrl>#Other</styleUrl><description><![CDATA[NIKK · REG · <br/><a href="https://asia.nikkei.com/economy/indonesian-ministers-at-odds-over-mass-bank-account-opening-plan">open article</a>]]></description><Point><coordinates>118,-2.5,0</coordinates></Point></Placemark>
<Placemark><name>Yasuchika Hasegawa, ex-Takeda CEO and globalization champion, dies at 80</name><styleUrl>#Other</styleUrl><description><![CDATA[NIKK · REG · <br/><a href="https://asia.nikkei.com/life-arts/obituaries/yasuchika-hasegawa-ex-takeda-ceo-and-globalization-champion-dies-at-80">open article</a>]]></description><Point><coordinates>115.19,-8.4,0</coordinates></Point></Placemark>
<Placemark><name>China's BYD shelves plan for own Malaysian plant, looks to local partner</name><styleUrl>#Other</styleUrl><description><![CDATA[NIKK · REG · <br/><a href="https://asia.nikkei.com/business/automobiles/china-s-byd-shelves-plan-for-own-malaysian-plant-looks-to-local-partner">open article</a>]]></description><Point><coordinates>102.3,4,0</coordinates></Point></Placemark>
<Placemark><name>Sweden’s centre-left bloc leads close election against right-wing government</name><styleUrl>#Other</styleUrl><description><![CDATA[KTMP · LOC · <br/><a href="https://kathmandupost.com/world/2026/09/14/sweden-s-centre-left-bloc-leads-close-election-against-right-wing-government">open article</a>]]></description><Point><coordinates>84,28.2,0</coordinates></Point></Placemark>
<Placemark><name>Booker-winning translator Deepa Bhasthi on why she has ‘nothing kind to say about AI’</name><styleUrl>#Other</styleUrl><description><![CDATA[KTMP · LOC · <br/><a href="https://kathmandupost.com/art-culture/2026/09/14/booker-winning-translator-deepa-bhasthi-on-why-she-has-nothing-kind-to-say-about-ai">open article</a>]]></description><Point><coordinates>84,28.2,0</coordinates></Point></Placemark>
<Placemark><name>A year later, the Gen Z movement lives on in art</name><styleUrl>#Other</styleUrl><description><![CDATA[KTMP · LOC · <br/><a href="https://kathmandupost.com/art-culture/2026/09/14/a-year-later-the-gen-z-movement-lives-on-in-art">open article</a>]]></description><Point><coordinates>84,28.2,0</coordinates></Point></Placemark>
<Placemark><name>Beijing signals support for rebuilding flood-ravaged Rasuwagadhi route</name><styleUrl>#Climate</styleUrl><description><![CDATA[KTMP · LOC ·  · Climate/extreme<br/><a href="https://kathmandupost.com/money/2026/09/14/beijing-signals-support-for-rebuilding-flood-ravaged-rasuwagadhi-route">open article</a>]]></description><Point><coordinates>116.4,39.9,0</coordinates></Point></Placemark>
<Placemark><name>Infrastructure Minister Sunil Lamsal on rebuilding after the Bhotekoshi floods</name><styleUrl>#Climate</styleUrl><description><![CDATA[KTMP · LOC ·  · Climate/extreme<br/><a href="https://kathmandupost.com/interviews/2026/09/14/infrastructure-minister-sunil-lamsal-on-rebuilding-after-the-bhotekoshi-floods">open article</a>]]></description><Point><coordinates>110,32,0</coordinates></Point></Placemark>
<Placemark><name>Nepal fell in love with EVs. It forgot to regulate them</name><styleUrl>#Other</styleUrl><description><![CDATA[KTMP · LOC · <br/><a href="https://kathmandupost.com/editorial/2026/09/14/nepal-fell-in-love-with-evs-it-forgot-to-regulate-them">open article</a>]]></description><Point><coordinates>84,28.2,0</coordinates></Point></Placemark>
<Placemark><name>Why Nepal’s climate crisis is also a public-health emergency</name><styleUrl>#Climate</styleUrl><description><![CDATA[KTMP · LOC ·  · Climate/extreme<br/><a href="https://kathmandupost.com/columns/2026/09/14/why-nepal-s-climate-crisis-is-also-a-public-health-emergency">open article</a>]]></description><Point><coordinates>84,28.2,0</coordinates></Point></Placemark>
<Placemark><name>What should Balendra Shah tell the world in New York?</name><styleUrl>#Other</styleUrl><description><![CDATA[KTMP · LOC · <br/><a href="https://kathmandupost.com/national/2026/09/13/what-should-balendra-shah-tell-the-world-in-new-york">open article</a>]]></description><Point><coordinates>84,28.2,0</coordinates></Point></Placemark>
<Placemark><name>Lawmakers want a shorter governor term. Experts fear instability in central bank</name><styleUrl>#Other</styleUrl><description><![CDATA[KTMP · LOC · <br/><a href="https://kathmandupost.com/money/2026/09/13/lawmakers-want-a-shorter-governor-term-experts-fear-instability-in-central-bank">open article</a>]]></description><Point><coordinates>84,28.2,0</coordinates></Point></Placemark>
<Placemark><name>Nepalis cut back on food as ‘hyperinflation’ and shortages bite</name><styleUrl>#Other</styleUrl><description><![CDATA[KTMP · LOC · <br/><a href="https://kathmandupost.com/money/2026/09/13/nepalis-cut-back-on-food-as-hyperinflation-and-shortages-bite">open article</a>]]></description><Point><coordinates>85.32,27.71,0</coordinates></Point></Placemark>
<Placemark><name>Vehicles cross Krishnabhir on Sunday in trial run after 11 days</name><styleUrl>#Climate</styleUrl><description><![CDATA[KTMP · LOC ·  · Climate/humanitarian<br/><a href="https://kathmandupost.com/national/2026/09/13/vehicles-cross-krishnabhir-on-sunday-in-trial-run-after-11-days">open article</a>]]></description><Point><coordinates>84,28.2,0</coordinates></Point></Placemark>
<Placemark><name>At least 129 missing after Indonesian passenger ship capsizes</name><styleUrl>#Climate</styleUrl><description><![CDATA[KTMP · LOC ·  · Climate/humanitarian<br/><a href="https://kathmandupost.com/world/2026/09/13/at-least-129-missing-after-indonesian-passenger-ship-capsizes">open article</a>]]></description><Point><coordinates>118,-2.5,0</coordinates></Point></Placemark>
<Placemark><name>Why can’t consumers exchange other brands’ LPG cylinders amid the shortage</name><styleUrl>#Other</styleUrl><description><![CDATA[KTMP · LOC · <br/><a href="https://kathmandupost.com/money/2026/09/13/why-can-t-consumers-exchange-other-brands-lpg-cylinders-amid-the-shortage">open article</a>]]></description><Point><coordinates>84,28.2,0</coordinates></Point></Placemark>
<Placemark><name>18-km cross-border transmission line under MCC completed</name><styleUrl>#Other</styleUrl><description><![CDATA[KTMP · LOC · <br/><a href="https://kathmandupost.com/national/2026/09/13/18-km-cross-border-transmission-line-under-mcc-completed">open article</a>]]></description><Point><coordinates>79.6,22.9,0</coordinates></Point></Placemark>
<Placemark><name>The search dog helping find bodies buried by Nepal’s floods</name><styleUrl>#Nexus</styleUrl><description><![CDATA[KTMP · LOC ·  · Conflict/insurgency · NEXUS<br/><a href="https://kathmandupost.com/national/2026/09/13/the-search-dog-helping-find-bodies-buried-by-nepal-s-floods">open article</a>]]></description><Point><coordinates>84,28.2,0</coordinates></Point></Placemark>
<Placemark><name>Rescuers searching for 140 people from Indonesia passenger ship, official says</name><styleUrl>#Other</styleUrl><description><![CDATA[KTMP · LOC · <br/><a href="https://kathmandupost.com/world/2026/09/13/rescuers-searching-for-140-people-from-indonesia-passenger-ship-official-says">open article</a>]]></description><Point><coordinates>118,-2.5,0</coordinates></Point></Placemark>
<Placemark><name>India sends three Bailey bridges to restore flood-hit connectivity</name><styleUrl>#Climate</styleUrl><description><![CDATA[KTMP · LOC ·  · Climate/extreme<br/><a href="https://kathmandupost.com/national/2026/09/13/india-sends-three-bailey-bridges-to-restore-flood-hit-connectivity">open article</a>]]></description><Point><coordinates>79.6,22.9,0</coordinates></Point></Placemark>
<Placemark><name>Two killed, four seriously injured in Rukum West jeep crash</name><styleUrl>#Other</styleUrl><description><![CDATA[KTMP · LOC · <br/><a href="https://kathmandupost.com/karnali-province/2026/09/13/two-killed-four-seriously-injured-in-rukum-west-jeep-crash">open article</a>]]></description><Point><coordinates>84,28.2,0</coordinates></Point></Placemark>
<Placemark><name>Trapped nine days in a dark tunnel, Nepali man tells his survival story</name><styleUrl>#Other</styleUrl><description><![CDATA[KTMP · LOC · <br/><a href="https://kathmandupost.com/national/2026/09/13/trapped-nine-days-in-a-dark-tunnel-nepali-man-tells-his-survival-story">open article</a>]]></description><Point><coordinates>84,28.2,0</coordinates></Point></Placemark>
<Placemark><name>Flood damage leaves Rasuwagadhi road facing long repairs</name><styleUrl>#Climate</styleUrl><description><![CDATA[KTMP · LOC ·  · Climate/extreme<br/><a href="https://kathmandupost.com/national/2026/09/13/flood-damage-leaves-rasuwagadhi-road-facing-long-repairs">open article</a>]]></description><Point><coordinates>110,32,0</coordinates></Point></Placemark>
<Placemark><name>‘Bir Ganeshman’: A theatrical tribute to a freedom fighter</name><styleUrl>#Other</styleUrl><description><![CDATA[KTMP · LOC · <br/><a href="https://kathmandupost.com/columns/2026/09/13/bir-ganeshman-a-theatrical-tribute-to-a-freedom-fighter">open article</a>]]></description><Point><coordinates>84,28.2,0</coordinates></Point></Placemark>
<Placemark><name>Farmers face dire consequences as floods devastate Nepal’s harvest</name><styleUrl>#Climate</styleUrl><description><![CDATA[KTMP · LOC ·  · Climate/extreme<br/><a href="https://kathmandupost.com/columns/2026/09/13/farmers-face-dire-consequences-as-floods-devastate-nepal-s-harvest">open article</a>]]></description><Point><coordinates>84,28.2,0</coordinates></Point></Placemark>
<Placemark><name>Nature doesn’t care about your climate conference speech</name><styleUrl>#Other</styleUrl><description><![CDATA[KTMP · LOC · <br/><a href="https://kathmandupost.com/columns/2026/09/13/nature-doesn-t-care-about-your-climate-conference-speech">open article</a>]]></description><Point><coordinates>84,28.2,0</coordinates></Point></Placemark>
<Placemark><name>Swedes vote in election that could usher far right into government</name><styleUrl>#Other</styleUrl><description><![CDATA[KTMP · LOC · <br/><a href="https://kathmandupost.com/world/2026/09/13/swedes-vote-in-election-that-could-usher-far-right-into-government">open article</a>]]></description><Point><coordinates>84,28.2,0</coordinates></Point></Placemark>
<Placemark><name>Budget-friendly places for Nepali students in Daejeon</name><styleUrl>#Other</styleUrl><description><![CDATA[KTMP · LOC · <br/><a href="https://kathmandupost.com/nepali-diaspora/2026/09/13/budget-friendly-places-for-nepali-students-in-daejeon">open article</a>]]></description><Point><coordinates>84,28.2,0</coordinates></Point></Placemark>
<Placemark><name>Malaysia labour row puts Nepali jobs at risk</name><styleUrl>#Other</styleUrl><description><![CDATA[KTMP · LOC · <br/><a href="https://kathmandupost.com/money/2026/09/13/malaysia-labour-row-puts-nepali-jobs-at-risk">open article</a>]]></description><Point><coordinates>85.32,27.71,0</coordinates></Point></Placemark>
<Placemark><name>Nepal down arch-rivals UAE to secure continental spot</name><styleUrl>#Other</styleUrl><description><![CDATA[KTMP · LOC · <br/><a href="https://kathmandupost.com/cricket/2026/09/13/nepal-down-arch-rivals-uae-to-secure-continental-spot">open article</a>]]></description><Point><coordinates>84,28.2,0</coordinates></Point></Placemark>
<Placemark><name>Diversion sends traffic surging along Tribhuvan Highway</name><styleUrl>#Other</styleUrl><description><![CDATA[KTMP · LOC · <br/><a href="https://kathmandupost.com/national/2026/09/12/diversion-sends-traffic-surging-along-tribhuvan-highway">open article</a>]]></description><Point><coordinates>84,28.2,0</coordinates></Point></Placemark>
<Placemark><name>Bhotekoshi floods push Kulekhani into continuous power generation</name><styleUrl>#Climate</styleUrl><description><![CDATA[KTMP · LOC ·  · Climate/extreme<br/><a href="https://kathmandupost.com/national/2026/09/12/bhotekoshi-floods-push-kulekhani-into-continuous-power-generation">open article</a>]]></description><Point><coordinates>84,28.2,0</coordinates></Point></Placemark>
<Placemark><name>August flood death toll rises to 1386, with 5130 still missing</name><styleUrl>#Nexus</styleUrl><description><![CDATA[KTMP · LOC ·  · Conflict/kinetic · NEXUS<br/><a href="https://kathmandupost.com/national/2026/09/12/august-flood-death-toll-rises-to-1386-with-5130-still-missing">open article</a>]]></description><Point><coordinates>84,28.2,0</coordinates></Point></Placemark></Document></kml>